Date,GLD,SPY,VGK
2021-01-04,182.3300018310547,342.43695068359375,50.913780212402344
2021-01-05,182.8699951171875,344.7954406738281,51.372684478759766
2021-01-06,179.89999389648438,346.8568115234375,51.981781005859375
2021-01-07,179.47999572753906,352.01019287109375,52.14031982421875
2021-01-08,173.33999633789062,354.015869140625,52.38227462768555
2021-01-11,173.0,351.6295166015625,51.556243896484375
2021-01-12,174.1199951171875,351.7037658691406,51.79821014404297
2021-01-13,173.3699951171875,352.65081787109375,51.639686584472656
2021-01-14,173.27999877929688,351.4159240722656,52.00681686401367
2021-01-15,171.1300048828125,348.8531494140625,51.105682373046875
2021-01-19,172.5800018310547,351.5923156738281,51.56459045410156
2021-01-20,175.38999938964844,356.4580078125,51.88999557495117
2021-01-21,175.27999877929688,356.7828674316406,52.081905364990234
2021-01-22,173.89999389648438,355.5200500488281,51.70643615722656
2021-01-25,174.0500030517578,356.9222106933594,51.372684478759766
2021-01-26,173.6199951171875,356.3650817871094,51.58127212524414
2021-01-27,172.52000427246094,347.6552429199219,50.354740142822266
2021-01-28,172.67999267578125,350.6451721191406,50.78862380981445
2021-01-29,172.61000061035156,343.62548828125,49.812400817871094
2021-02-01,174.22999572753906,349.3453063964844,50.46320343017578
2021-02-02,172.11000061035156,354.2850646972656,50.997222900390625
2021-02-03,171.85000610351562,354.563720703125,51.047279357910156
2021-02-04,168.14999389648438,358.5935974121094,51.0890007019043
2021-02-05,169.80999755859375,360.0049743652344,51.42274856567383
2021-02-08,171.52000427246094,362.6048278808594,51.56459045410156
2021-02-09,172.0800018310547,362.3634338378906,51.864967346191406
2021-02-10,172.7100067138672,362.20556640625,51.63134002685547
2021-02-11,171.2100067138672,362.79058837890625,52.04017639160156
2021-02-12,170.69000244140625,364.5826721191406,52.35725021362305
2021-02-16,168.24000549316406,364.26690673828125,52.857879638671875
2021-02-17,166.3300018310547,364.35052490234375,52.307193756103516
2021-02-18,166.32000732421875,362.7998352050781,52.15700912475586
2021-02-19,167.00999450683594,362.1591491699219,52.265464782714844
2021-02-22,169.50999450683594,359.3735046386719,52.106937408447266
2021-02-23,169.1199951171875,359.8099365234375,52.1319694519043
2021-02-24,169.0,363.7747802734375,52.557498931884766
2021-02-25,165.82000732421875,355.00933837890625,51.681400299072266
2021-02-26,161.80999755859375,353.1801452636719,51.09735107421875
2021-03-01,161.52999877929688,361.7413330078125,51.9901237487793
2021-03-02,162.41000366210938,358.91851806640625,52.165348052978516
2021-03-03,160.6199951171875,354.1643981933594,51.814910888671875
2021-03-04,159.0399932861328,349.7817077636719,51.2057991027832
2021-03-05,159.13999938964844,356.2165222167969,51.56459045410156
2021-03-08,157.49000549316406,354.4430847167969,51.49784469604492
2021-03-09,160.83999633789062,359.50360107421875,52.29884719848633
2021-03-10,161.66000366210938,361.7413330078125,52.64928436279297
2021-03-11,161.52000427246094,365.40899658203125,53.133216857910156
2021-03-12,161.49000549316406,365.9011535644531,53.0998420715332
2021-03-15,162.1999969482422,368.0832824707031,53.02475357055664
2021-03-16,162.35000610351562,367.6189270019531,53.09149932861328
2021-03-17,163.50999450683594,368.87249755859375,53.36684036254883
2021-03-18,162.55999755859375,363.5054931640625,52.70769119262695
2021-03-19,163.24000549316406,362.8329772949219,52.741065979003906
2021-03-22,163.0,365.7301025390625,52.92626190185547
2021-03-23,161.80999755859375,362.8515625,52.15532684326172
2021-03-24,162.3699951171875,361.0069274902344,52.063148498535156
2021-03-25,161.77999877929688,363.0379943847656,52.331298828125
2021-03-26,162.24000549316406,368.88824462890625,53.02681350708008
2021-03-29,160.30999755859375,368.701904296875,52.82570266723633
2021-03-30,157.57000732421875,367.7237243652344,52.8759765625
2021-03-31,159.9600067138672,369.2143249511719,52.792179107666016
2021-04-01,161.97999572753906,373.20147705078125,53.63854217529297
2021-04-05,161.9199981689453,378.55810546875,54.560306549072266
2021-04-06,163.22000122070312,378.3344421386719,54.065895080566406
2021-04-07,162.75999450683594,378.7723388671875,54.183223724365234
2021-04-08,164.50999450683594,380.5702819824219,54.560306549072266
2021-04-09,163.27000427246094,383.3371276855469,54.627349853515625
2021-04-12,162.27999877929688,383.476806640625,54.37594223022461
2021-04-13,163.42999267578125,384.61334228515625,54.71113204956055
2021-04-14,162.72000122070312,383.2998352050781,54.73627471923828
2021-04-15,165.35000610351562,387.41748046875,55.21391677856445
2021-04-16,166.35000610351562,388.7123718261719,55.867530822753906
2021-04-19,165.88999938964844,386.8025207519531,55.90104675292969
2021-04-20,166.47999572753906,383.97064208984375,54.92061996459961
2021-04-21,168.1300048828125,387.6037292480469,55.42341232299805
2021-04-22,167.0399932861328,384.0637512207031,55.230690002441406
2021-04-23,166.39999389648438,388.2279052734375,55.77537536621094
2021-04-26,166.83999633789062,389.0383605957031,55.94295883178711
2021-04-27,166.4199981689453,388.9544982910156,55.9597053527832
2021-04-28,166.91000366210938,388.8427429199219,56.13568878173828
2021-04-29,166.22000122070312,391.3207092285156,56.152442932128906
2021-04-30,165.66000366210938,388.7496032714844,55.314476013183594
2021-05-03,167.80999755859375,389.5879821777344,56.026763916015625
2021-05-04,166.5800018310547,387.18450927734375,55.08821487426758
2021-05-05,167.27000427246094,387.3055725097656,55.88429641723633
2021-05-06,170.05999755859375,390.3985290527344,56.30327606201172
2021-05-07,171.58999633789062,393.2398376464844,57.158016204833984
2021-05-10,172.11000061035156,389.34576416015625,56.72227478027344
2021-05-11,172.13999938964844,385.87103271484375,56.06865310668945
2021-05-12,170.42999267578125,377.67303466796875,55.4401741027832
2021-05-13,171.1300048828125,382.20989990234375,55.892669677734375
2021-05-14,172.69000244140625,388.07879638671875,56.92337417602539
2021-05-17,174.6999969482422,387.09130859375,56.89824676513672
2021-05-18,175.0399932861328,383.7563171386719,56.948524475097656
2021-05-19,175.16000366210938,382.7501525878906,56.328426361083984
2021-05-20,175.9600067138672,386.8677978515625,57.199920654296875
2021-05-21,176.0399932861328,386.55108642578125,57.233436584472656
2021-05-24,176.35000610351562,390.49169921875,57.60213851928711
2021-05-25,177.9499969482422,389.625244140625,57.62726974487305
2021-05-26,177.63999938964844,390.3985290527344,57.45969009399414
2021-05-27,177.7100067138672,390.6034240722656,57.635658264160156
2021-05-28,178.3800048828125,391.3021545410156,57.778114318847656
2021-06-01,177.89999389648438,390.95751953125,58.22223663330078
2021-06-02,178.77000427246094,391.5722351074219,58.306026458740234
2021-06-03,175.27000427246094,390.1189880371094,57.89542007446289
2021-06-04,177.16000366210938,393.68695068359375,58.37307357788086
2021-06-07,177.8699951171875,393.3050537109375,58.64122009277344
2021-06-08,177.32000732421875,393.3888854980469,58.632835388183594
2021-06-09,176.97999572753906,392.8019714355469,58.53227996826172
2021-06-10,177.74000549316406,394.6279296875,58.60770797729492
2021-06-11,175.74000549316406,395.280029296875,58.80043411254883
2021-06-14,174.7100067138672,396.1650085449219,58.9512825012207
2021-06-15,174.0500030517578,395.4383239746094,58.95964050292969
2021-06-16,171.11000061035156,393.2304992675781,58.38145065307617
2021-06-17,165.85000610351562,393.10003662109375,57.84514617919922
2021-06-18,164.92999267578125,387.7969665527344,56.7138786315918
2021-06-21,166.9499969482422,393.3486328125,57.56112289428711
2021-06-22,166.25,395.45166015625,57.578067779541016
2021-06-23,166.13999938964844,394.9749450683594,57.22223663330078
2021-06-24,166.0399932861328,397.3115234375,57.77294158935547
2021-06-25,166.58999633789062,398.72283935546875,57.89154815673828
2021-06-28,166.5800018310547,399.526611328125,57.44252014160156
2021-06-29,164.8300018310547,399.74151611328125,57.47640609741211
2021-06-30,165.6300048828125,400.0780334472656,56.98499298095703
2021-07-01,166.1999969482422,402.2931213378906,57.32390213012695
2021-07-02,167.2899932861328,405.3680419921875,57.48487854003906
2021-07-06,168.1199951171875,404.629638671875,57.12055587768555
2021-07-07,168.75999450683594,406.0596618652344,57.47640609741211
2021-07-08,168.64999389648438,402.7510986328125,56.73930740356445
2021-07-09,169.2100067138672,407.0503845214844,57.63737869262695
2021-07-12,169.0,408.5084228515625,57.91695022583008
2021-07-13,169.22000122070312,407.11578369140625,57.55263900756836
2021-07-14,171.0399932861328,407.7232666015625,57.645835876464844
2021-07-15,171.07000732421875,406.3306579589844,57.0273551940918
2021-07-16,169.41000366210938,403.14361572265625,56.646114349365234
2021-07-19,169.61000061035156,397.1900939941406,55.493873596191406
2021-07-20,169.38999938964844,402.8819274902344,55.82428741455078
2021-07-21,168.75999450683594,406.143798828125,56.891807556152344
2021-07-22,169.08999633789062,406.9942932128906,56.98499298095703
2021-07-23,168.55999755859375,411.1815185546875,57.47640609741211
2021-07-26,168.16000366210938,412.1908874511719,57.69667434692383
2021-07-27,168.44000244140625,410.3122863769531,57.56958770751953
2021-07-28,169.2899932861328,410.1439514160156,57.866127014160156
2021-07-29,171.1699981689453,411.84503173828125,58.31515121459961
2021-07-30,169.82000732421875,409.844970703125,58.04404830932617
2021-08-02,169.61000061035156,408.98504638671875,58.31515121459961
2021-08-03,169.49000549316406,412.3123474121094,58.738773345947266
2021-08-04,169.52999877929688,410.2841796875,58.68794250488281
2021-08-05,168.86000061035156,412.88250732421875,58.99293899536133
2021-08-06,164.63999938964844,413.5647277832031,58.67100524902344
2021-08-09,161.72000122070312,413.2283020019531,58.628639221191406
2021-08-10,161.77000427246094,413.7423095703125,58.78960418701172
2021-08-11,164.0,414.7703552246094,59.1962776184082
2021-08-12,164.0399932861328,416.013427734375,59.1793327331543
2021-08-13,166.38999938964844,416.7705383300781,59.62836837768555
2021-08-16,167.22000122070312,417.7519226074219,59.30642318725586
2021-08-17,166.97000122070312,415.0134582519531,58.83197021484375
2021-08-18,167.10000610351562,410.4710998535156,58.67100524902344
2021-08-19,166.61000061035156,411.10662841796875,57.98473358154297
2021-08-20,166.6999969482422,414.37786865234375,58.31515121459961
2021-08-23,168.72999572753906,418.02294921875,58.82350158691406
2021-08-24,168.64999389648438,418.6865234375,58.86586380004883
2021-08-25,167.47999572753906,419.5650634765625,58.9421272277832
2021-08-26,167.6699981689453,417.0882568359375,58.59476852416992
2021-08-27,170.19000244140625,420.8174743652344,59.25559997558594
2021-08-30,169.35000610351562,422.6680908203125,59.25559997558594
2021-08-31,169.69000244140625,422.04180908203125,59.09461212158203
2021-09-01,169.6999969482422,422.2661437988281,59.50975036621094
2021-09-02,169.25,423.56536865234375,59.81475830078125
2021-09-03,171.05999755859375,423.4624328613281,59.60296630859375
2021-09-07,167.7100067138672,421.948486328125,59.37419891357422
2021-09-08,167.2899932861328,421.4343566894531,58.75571823120117
2021-09-09,168.02999877929688,419.63055419921875,58.577789306640625
2021-09-10,167.17999267578125,416.3219299316406,58.408355712890625
2021-09-13,167.74000549316406,417.3874206542969,58.74724197387695
2021-09-14,168.82000732421875,415.13494873046875,58.59476852416992
2021-09-15,167.8300018310547,418.6023864746094,58.60321807861328
2021-09-16,164.02999877929688,417.9388427734375,58.577789306640625
2021-09-17,163.77000427246094,413.86767578125,57.645835876464844
2021-09-20,164.94000244140625,406.9667663574219,56.52272415161133
2021-09-21,166.0399932861328,406.582275390625,57.11070251464844
2021-09-22,165.4199981689453,410.5484619140625,57.65609359741211
2021-09-23,163.50999450683594,415.5365905761719,58.43152618408203
2021-09-24,163.3000030517578,416.2210693359375,57.741294860839844
2021-09-27,163.63999938964844,415.03033447265625,57.65609359741211
2021-09-28,162.0500030517578,406.66668701171875,56.3011589050293
2021-09-29,161.32000732421875,407.3512268066406,56.10516357421875
2021-09-30,164.22000122070312,402.3724060058594,55.9091682434082
2021-10-01,164.58999633789062,407.15423583984375,56.2585563659668
2021-10-04,165.36000061035156,401.9035949707031,55.96882247924805
2021-10-05,164.58999633789062,406.08538818359375,56.24150848388672
2021-10-06,165.02999877929688,407.7731018066406,55.87509536743164
2021-10-07,164.16000366210938,411.2985534667969,56.29263687133789
2021-10-08,164.22999572753906,410.5484619140625,56.326725006103516
2021-10-11,163.9199981689453,407.57623291015625,55.994388580322266
2021-10-12,164.66000366210938,406.57293701171875,56.2159538269043
2021-10-13,167.58999633789062,408.03570556640625,57.051048278808594
2021-10-14,168.0,414.8990783691406,57.681636810302734
2021-10-15,165.3300018310547,418.058837890625,58.1162223815918
2021-10-18,164.9199981689453,419.2965393066406,57.85205078125
2021-10-19,165.4499969482422,422.53131103515625,58.17588424682617
2021-10-20,166.89999389648438,424.19097900390625,58.414485931396484
2021-10-21,166.75,425.2972717285156,58.40596008300781
2021-10-22,167.77000427246094,424.8566589355469,58.687156677246094
2021-10-25,168.92999267578125,427.135009765625,58.4741325378418
2021-10-26,167.67999267578125,427.5194396972656,58.6956787109375
2021-10-27,168.1199951171875,425.6255187988281,58.50821304321289
2021-10-28,168.0800018310547,429.7322692871094,59.15584182739258
2021-10-29,166.64999389648438,430.6042785644531,58.72125244140625
2021-11-01,167.52000427246094,431.34503173828125,59.241058349609375
2021-11-02,167.16000366210938,433.08892822265625,59.09619140625
2021-11-03,165.77000427246094,435.7331237792969,59.6671257019043
2021-11-04,167.64999389648438,437.7865295410156,59.47966384887695
2021-11-05,169.83999633789062,439.3054504394531,59.59043884277344
2021-11-08,170.4499969482422,439.6805114746094,59.6671257019043
2021-11-09,171.2899932861328,438.2271728515625,59.59897232055664
2021-11-10,173.14999389648438,434.7016906738281,58.908721923828125
2021-11-11,174.1199951171875,434.84234619140625,59.121742248535156
2021-11-12,174.4499969482422,438.1240234375,59.275142669677734
2021-11-15,174.17999267578125,438.2740173339844,59.07914733886719
2021-11-16,172.9199981689453,440.0086975097656,58.95133590698242
2021-11-17,174.5,438.93975830078125,59.02802276611328
2021-11-18,173.94000244140625,440.4306640625,59.08766174316406
2021-11-19,172.61000061035156,439.6429748535156,58.30370330810547
2021-11-22,168.74000549316406,438.40533447265625,57.83502197265625
2021-11-23,167.27999877929688,438.9866638183594,57.63050079345703
2021-11-24,167.1199951171875,440.15875244140625,57.26408386230469
2021-11-26,166.85000610351562,430.34173583984375,55.86656188964844
2021-11-29,166.6199951171875,435.62060546875,56.2585563659668
2021-11-30,165.5,427.1443786621094,55.849525451660156
2021-12-01,166.16000366210938,422.4000244140625,55.52571105957031
2021-12-02,165.24000549316406,428.8697204589844,56.164825439453125
2021-12-03,166.6300048828125,425.137939453125,55.73875045776367
2021-12-06,166.22000122070312,430.17291259765625,56.38637924194336
2021-12-07,166.80999755859375,439.07098388671875,57.52825164794922
2021-12-08,166.89999389648438,440.23370361328125,57.724239349365234
2021-12-09,165.8800048828125,437.26141357421875,57.187400817871094
2021-12-10,166.5800018310547,441.3775329589844,57.323734283447266
2021-12-13,167.0,437.4676513671875,56.718711853027344
2021-12-14,165.44000244140625,434.45794677734375,56.360816955566406
2021-12-15,166.14999389648438,441.2463073730469,57.11070251464844
2021-12-16,168.16000366210938,437.3551025390625,57.178863525390625
2021-12-17,167.8000030517578,432.7004699707031,56.34377670288086
2021-12-20,167.08999633789062,428.099365234375,56.402320861816406
2021-12-21,167.02000427246094,435.7018737792969,57.12553787231445
2021-12-22,168.58999633789062,440.0584716796875,57.83153533935547
2021-12-23,168.97000122070312,442.7965087890625,58.22756576538086
2021-12-27,169.3699951171875,449.06304931640625,58.86470413208008
2021-12-28,168.63999938964844,448.696044921875,58.890525817871094
2021-12-29,168.58999633789062,449.2700500488281,58.985233306884766
2021-12-30,169.8000030517578,448.0279846191406,58.75277328491211
2021-12-31,170.9600067138672,446.89886474609375,58.75277328491211
2022-01-03,168.3300018310547,449.4864501953125,59.31240463256836
2022-01-04,169.57000732421875,449.3358154296875,59.389896392822266
2022-01-05,169.05999755859375,440.70770263671875,58.856082916259766
2022-01-06,166.99000549316406,440.2936706542969,58.640846252441406
2022-01-07,167.75,438.552978515625,58.933563232421875
2022-01-10,168.25999450683594,438.0072937011719,58.13285827636719
2022-01-11,170.2899932861328,441.99676513671875,58.856082916259766
2022-01-12,170.74000549316406,443.1917419433594,59.39850997924805
2022-01-13,170.16000366210938,437.08514404296875,58.959407806396484
2022-01-14,169.6699981689453,437.26385498046875,58.795806884765625
2022-01-18,169.38999938964844,429.5201721191406,57.95206832885742
2022-01-19,172.0800018310547,425.0601806640625,58.11565017700195
2022-01-20,171.64999389648438,420.3556213378906,57.685157775878906
2022-01-21,171.08999633789062,412.10382080078125,56.84141159057617
2022-01-24,172.02999877929688,413.8538513183594,55.96321105957031
2022-01-25,172.5800018310547,408.8011169433594,55.56716537475586
2022-01-26,169.7899932861328,407.7755432128906,55.69631576538086
2022-01-27,167.60000610351562,405.7618713378906,55.6102180480957
2022-01-28,167.10000610351562,415.8392028808594,55.773807525634766
2022-01-31,168.08999633789062,423.32891845703125,56.6519889831543
2022-02-01,168.22999572753906,426.1893310546875,57.34077072143555
2022-02-02,168.83999633789062,430.3293151855469,57.67654800415039
2022-02-03,168.60000610351562,420.2144470214844,56.87584686279297
2022-02-04,168.86000061035156,422.1904602050781,56.729488372802734
2022-02-07,170.11000061035156,420.8354797363281,56.76392364501953
2022-02-08,170.6300048828125,424.2980041503906,56.961952209472656
2022-02-09,171.2100067138672,430.5081481933594,57.92623519897461
2022-02-10,170.55999755859375,422.7738037109375,57.185794830322266
2022-02-11,173.80999755859375,414.43719482421875,56.118194580078125
2022-02-14,174.74000549316406,413.0823669433594,55.56716537475586
2022-02-15,173.0800018310547,419.7440185546875,56.85002517700195
2022-02-16,174.86000061035156,420.2144470214844,57.0394401550293
2022-02-17,177.25,411.23809814453125,56.040706634521484
2022-02-18,177.1199951171875,408.5753173828125,55.71354293823242
2022-02-22,177.49000549316406,404.190673828125,54.84394836425781
2022-02-23,178.2899932861328,397.0208740234375,54.42207717895508
2022-02-24,177.13999938964844,402.99566650390625,53.354469299316406
2022-02-25,176.5500030517578,411.8872985839844,54.96449661254883
2022-02-28,178.3800048828125,410.8335266113281,53.65581512451172
2022-03-01,181.6199951171875,404.576416015625,52.235206604003906
2022-03-02,179.72999572753906,412.0190734863281,53.044517517089844
2022-03-03,180.8000030517578,409.96783447265625,51.52060317993164
2022-03-04,183.67999267578125,406.6369934082031,49.34233856201172
2022-03-07,186.41000366210938,394.6497802734375,47.7150993347168
2022-03-08,191.50999450683594,391.65753173828125,48.84296798706055
2022-03-09,185.82000732421875,402.1582336425781,51.45172119140625
2022-03-10,186.39999389648438,400.3422546386719,50.30663299560547
2022-03-11,185.08999633789062,395.25189208984375,49.996673583984375
2022-03-14,182.3000030517578,392.3632507324219,50.88347244262695
2022-03-15,178.88999938964844,400.99151611328125,51.26230239868164
2022-03-16,180.00999450683594,409.8831481933594,53.2769889831543
2022-03-17,180.88999938964844,415.01116943359375,53.62137985229492
2022-03-18,179.3000030517578,419.5567626953125,54.06046676635742
2022-03-21,180.6699981689453,419.4339904785156,53.524620056152344
2022-03-22,179.36000061035156,424.34197998046875,54.232177734375
2022-03-23,181.80999755859375,418.87713623046875,53.22260665893555
2022-03-24,183.1300048828125,425.1914978027344,53.53324508666992
2022-03-25,182.3800048828125,427.2679443359375,53.56775665283203
2022-03-28,179.05999755859375,430.3070983886719,53.68856430053711
2022-03-29,179.13999938964844,435.63031005859375,55.05192565917969
2022-03-30,180.5800018310547,432.94036865234375,54.81894302368164
2022-03-31,180.64999389648438,426.2768249511719,53.74034118652344
2022-04-01,179.5,427.4850158691406,54.3702392578125
2022-04-04,180.3699951171875,431.1470642089844,54.404762268066406
2022-04-05,179.24000549316406,425.701171875,53.85251998901367
2022-04-06,179.66000366210938,421.44439697265625,53.24849319458008
2022-04-07,180.33999633789062,423.5679626464844,53.515987396240234
2022-04-08,181.47000122070312,422.4354248046875,53.56775665283203
2022-04-11,182.3699951171875,415.2150573730469,53.101806640625
2022-04-12,183.77000427246094,413.6765441894531,52.72213363647461
2022-04-13,184.64999389648438,418.4147033691406,53.343414306640625
2022-04-14,184.0399932861328,413.20465087890625,53.101806640625
2022-04-18,184.61000061035156,413.3745422363281,52.903343200683594
2022-04-19,181.82000732421875,420.04754638671875,53.136314392089844
2022-04-20,182.7100067138672,419.7360534667969,53.57640075683594
2022-04-21,182.05999755859375,413.45953369140625,53.07592010498047
2022-04-22,180.2899932861328,402.1145324707031,52.25617980957031
2022-04-25,177.0500030517578,404.4458312988281,51.83335876464844
2022-04-26,177.32000732421875,392.7326965332031,50.13349533081055
2022-04-27,175.97999572753906,393.8370056152344,50.3664665222168
2022-04-28,176.92999267578125,403.7851257324219,51.01363754272461
2022-04-29,176.91000366210938,388.8630065917969,50.383724212646484
2022-05-02,173.6300048828125,391.20367431640625,50.19389343261719
2022-05-03,174.08999633789062,392.9969787597656,50.59944534301758
2022-05-04,175.8000030517578,404.9648742675781,51.3932991027832
2022-05-05,175.1300048828125,390.5712890625,49.71067428588867
2022-05-06,175.4199981689453,388.239990234375,48.95133972167969
2022-05-09,172.8800048828125,375.8096618652344,47.475807189941406
2022-05-10,171.4199981689453,376.6780090332031,47.95901870727539
2022-05-11,172.82000732421875,370.69403076171875,47.6915283203125
2022-05-12,170.1699981689453,370.30706787109375,47.458553314208984
2022-05-13,168.7899932861328,379.16033935546875,48.839168548583984
2022-05-16,170.39999389648438,377.6217956542969,49.02036666870117
2022-05-17,169.3300018310547,385.38958740234375,50.19389343261719
2022-05-18,169.4199981689453,369.85400390625,48.71836471557617
2022-05-19,171.91000366210938,367.5887145996094,49.227455139160156
2022-05-20,172.02999877929688,367.7492980957031,49.43456268310547
2022-05-23,172.8300018310547,374.6298522949219,50.487266540527344
2022-05-24,174.1300048828125,371.7699890136719,50.478641510009766
2022-05-25,173.0800018310547,375.0545654296875,50.43549346923828
2022-05-26,172.75999450683594,382.5486755371094,51.11717987060547
2022-05-27,172.85000610351562,391.93994140625,51.74708557128906
2022-05-31,171.13999938964844,389.74072265625,51.60038757324219
2022-06-01,172.22999572753906,386.58831787109375,50.74613571166992
2022-06-02,174.35000610351562,393.9502868652344,52.005943298339844
2022-06-03,172.5800018310547,387.4849548339844,51.298377990722656
2022-06-06,171.82000732421875,388.6647644042969,51.54861831665039
2022-06-07,172.94000244140625,392.3929748535156,51.67804718017578
2022-06-08,172.77999877929688,388.1268005371094,50.935977935791016
2022-06-09,172.22999572753906,378.8960266113281,49.667537689208984
2022-06-10,174.5399932861328,367.90966796875,48.3300666809082
2022-06-13,169.92999267578125,353.94085693359375,46.595672607421875
2022-06-14,168.57000732421875,352.8742370605469,46.008907318115234
2022-06-15,170.77000427246094,357.90496826171875,47.130653381347656
2022-06-16,172.69000244140625,346.05975341796875,45.91399002075195
2022-06-17,171.27000427246094,346.8056640625,45.92262268066406
2022-06-21,170.6300048828125,355.5361022949219,46.67784881591797
2022-06-22,171.30999755859375,354.8915100097656,46.36977005004883
2022-06-23,170.25999450683594,358.3703308105469,46.088104248046875
2022-06-24,170.08999633789062,369.76434326171875,47.628475189208984
2022-06-27,169.89999389648438,368.3519592285156,47.50525665283203
2022-06-28,169.6199951171875,360.8254699707031,47.038726806640625
2022-06-29,169.49000549316406,360.5315856933594,46.765865325927734
2022-06-30,168.4600067138672,357.6025390625,46.49300003051758
2022-07-01,168.32000732421875,361.3847351074219,46.5282096862793
2022-07-05,164.75,362.0671691894531,45.190284729003906
2022-07-06,162.13999938964844,363.29010009765625,45.287105560302734
2022-07-07,162.22999572753906,368.7311706542969,45.99127960205078
2022-07-08,162.3000030517578,368.42779541015625,46.0264892578125
2022-07-11,161.42999267578125,364.2190246582031,45.278297424316406
2022-07-12,160.8300018310547,360.9960632324219,45.25189971923828
2022-07-13,161.60000610351562,359.1002502441406,45.269500732421875
2022-07-14,159.3300018310547,358.2281188964844,44.52132034301758
2022-07-15,159.00999450683594,365.0721130371094,45.37512969970703
2022-07-18,159.16000366210938,362.0577392578125,45.64800262451172
2022-07-19,159.5399932861328,371.8402404785156,47.135562896728516
2022-07-20,158.0399932861328,374.2100830078125,46.58102035522461
2022-07-21,160.27000427246094,378.0207214355469,47.17076873779297
2022-07-22,160.6699981689453,374.513427734375,46.95951461791992
2022-07-25,160.22999572753906,374.968505859375,47.40842056274414
2022-07-26,160.0399932861328,370.5321960449219,46.642635345458984
2022-07-27,161.6699981689453,380.1535949707031,47.76931381225586
2022-07-28,163.63999938964844,384.92156982421875,48.033382415771484
2022-07-29,164.10000610351562,390.53326416015625,48.8167724609375
2022-08-01,165.02999877929688,389.37677001953125,48.737552642822266
2022-08-02,164.0500030517578,386.8079528808594,47.94535827636719
2022-08-03,164.4499969482422,392.86517333984375,48.43827819824219
2022-08-04,167.1699981689453,392.5997619628906,48.80796432495117
2022-08-05,165.2899932861328,391.9361572265625,48.315040588378906
2022-08-08,166.69000244140625,391.481201171875,48.491092681884766
2022-08-09,167.1999969482422,389.9266052246094,48.26223373413086
2022-08-10,166.77999877929688,398.1165466308594,49.380104064941406
2022-08-11,166.33999633789062,398.1165466308594,49.30088424682617
2022-08-12,167.8699951171875,404.8563232421875,49.59135818481445
2022-08-15,165.7100067138672,406.5246276855469,49.08964538574219
2022-08-16,165.4199981689453,407.32098388671875,49.16005325317383
2022-08-17,164.35000610351562,404.4297790527344,48.6583251953125
2022-08-18,163.9199981689453,405.605224609375,48.420677185058594
2022-08-19,162.72000122070312,400.1546325683594,47.76051712036133
2022-08-22,161.63999938964844,391.8224182128906,46.66024398803711
2022-08-23,162.77000427246094,390.8745422363281,46.69544219970703
2022-08-24,163.25,392.12579345703125,46.792274475097656
2022-08-25,163.75,397.66168212890625,47.241180419921875
2022-08-26,161.75999450683594,384.201171875,45.83283996582031
2022-08-29,161.86000061035156,381.6607360839844,45.88565444946289
2022-08-30,160.50999450683594,377.4709167480469,45.56877899169922
2022-08-31,159.27000427246094,374.59869384765625,45.172672271728516
2022-09-01,157.8699951171875,375.774169921875,44.45090103149414
2022-09-02,159.25999450683594,371.81182861328125,44.15163040161133
2022-09-06,158.3300018310547,370.4089660644531,44.3804817199707
2022-09-07,159.94000244140625,377.0633239746094,44.99663162231445
2022-09-08,158.97999572753906,379.5279235839844,44.81178665161133
2022-09-09,159.82000732421875,385.42401123046875,46.132110595703125
2022-09-12,160.6300048828125,389.5663757324219,46.96831512451172
2022-09-13,158.5399932861328,372.62713623046875,45.278297424316406
2022-09-14,157.92999267578125,374.0489196777344,45.33110427856445
2022-09-15,154.97999572753906,369.80224609375,44.8910026550293
2022-09-16,155.83999633789062,366.9810791015625,44.53011703491211
2022-09-19,155.9600067138672,369.82696533203125,44.62559127807617
2022-09-20,155.07000732421875,365.5819396972656,43.626644134521484
2022-09-21,155.7899932861328,359.20477294921875,43.0697135925293
2022-09-22,155.6999969482422,356.1875,42.822181701660156
2022-09-23,153.00999450683594,350.2196044921875,41.11601257324219
2022-09-26,151.22999572753906,346.75506591796875,40.426475524902344
2022-09-27,151.5399932861328,345.869873046875,40.231990814208984
2022-09-28,154.69000244140625,352.6753234863281,41.34587097167969
2022-09-29,154.66000366210938,345.3083190917969,40.744728088378906
2022-09-30,154.6699981689453,339.9685974121094,40.797767639160156
2022-10-03,158.42999267578125,348.9442138671875,41.72598648071289
2022-10-04,160.6999969482422,359.7568054199219,43.66200256347656
2022-10-05,159.80999755859375,358.919189453125,42.98130798339844
2022-10-06,159.6300048828125,355.21673583984375,42.044246673583984
2022-10-07,157.8800048828125,345.3083190917969,41.2574577331543
2022-10-10,155.47999572753906,342.6717224121094,41.080650329589844
2022-10-11,155.16000366210938,340.50164794921875,40.541404724121094
2022-10-12,155.99000549316406,339.37847900390625,40.48835754394531
2022-10-13,154.91000366210938,348.3350524902344,41.628753662109375
2022-10-14,152.97999572753906,340.39703369140625,41.00993347167969
2022-10-17,153.4199981689453,349.1441345214844,42.38017272949219
2022-10-18,153.75,353.2464599609375,42.892906188964844
2022-10-19,151.69000244140625,350.7431640625,42.11496353149414
2022-10-20,151.4499969482422,347.8020935058594,42.07960510253906
2022-10-21,154.14999389648438,356.254150390625,42.831024169921875
2022-10-24,153.64999389648438,360.61346435546875,43.131591796875
2022-10-25,154.0,366.3719787597656,44.19242858886719
2022-10-26,154.97999572753906,363.6116943359375,44.6697998046875
2022-10-27,154.74000549316406,361.66998291015625,44.2896614074707
2022-10-28,153.16000366210938,370.27435302734375,44.77587890625
2022-10-31,151.91000366210938,367.5997619628906,44.23662185668945
2022-11-01,153.4600067138672,365.9912109375,44.57255172729492
2022-11-02,152.38999938964844,356.8062438964844,43.76809310913086
2022-11-03,151.80999755859375,353.13226318359375,43.30839920043945
2022-11-04,156.47000122070312,358.21484375,45.29746627807617
2022-11-07,155.85000610351562,361.6414794921875,45.5361328125
2022-11-08,159.4499969482422,363.5926818847656,46.04887771606445
2022-11-09,158.64999389648438,356.101806640625,45.438899993896484
2022-11-10,163.47999572753906,375.6711120605469,48.090980529785156
2022-11-11,164.55999755859375,379.3070983886719,49.045719146728516
2022-11-14,164.9199981689453,376.08038330078125,48.47995376586914
2022-11-15,165.5,379.2879943847656,48.68326950073242
2022-11-16,165.1199951171875,376.39453125,48.59487533569336
2022-11-17,163.9199981689453,375.2427673339844,48.53298568725586
2022-11-18,162.7899932861328,376.946533203125,48.73630905151367
2022-11-21,161.8800048828125,375.57598876953125,48.38269805908203
2022-11-22,162.07000732421875,380.6300964355469,49.03688049316406
2022-11-23,163.0800018310547,383.02874755859375,49.593814849853516
2022-11-25,163.22000122070312,382.9429931640625,49.92974853515625
2022-11-28,161.92999267578125,376.8323669433594,49.12528991699219
2022-11-29,162.72999572753906,376.18511962890625,49.24020767211914
2022-11-30,164.80999755859375,388.0351257324219,50.20379638671875
2022-12-01,167.83999633789062,387.7496643066406,50.778404235839844
2022-12-02,167.25999450683594,387.30230712890625,50.884498596191406
2022-12-05,164.38999938964844,380.3350524902344,50.29219436645508
2022-12-06,164.83999633789062,374.8525695800781,49.96510314941406
2022-12-07,166.3300018310547,374.2148742675781,49.92091369628906
2022-12-08,166.47000122070312,377.146484375,50.11539077758789
2022-12-09,167.05999755859375,374.3290710449219,50.11539077758789
2022-12-12,165.67999267578125,379.72589111328125,50.32755661010742
2022-12-13,168.50999450683594,382.6003112792969,51.06129837036133
2022-12-14,168.10000610351562,380.1542053222656,51.11433792114258
2022-12-15,165.35000610351562,370.85498046875,49.72642135620117
2022-12-16,166.7899932861328,366.4765625,49.09877014160156
2022-12-19,166.32000732421875,363.3690185546875,49.0346565246582
2022-12-20,169.0800018310547,363.8662109375,49.123695373535156
2022-12-21,168.8000030517578,369.30694580078125,49.8093147277832
2022-12-22,166.75999450683594,364.038330078125,49.37300109863281
2022-12-23,167.25999450683594,366.13238525390625,49.53328323364258
2022-12-27,168.6699981689453,364.68853759765625,49.6312255859375
2022-12-28,167.91000366210938,360.15625,49.17711639404297
2022-12-29,168.85000610351562,366.6391906738281,49.969581604003906
2022-12-30,169.63999938964844,365.6734619140625,49.364105224609375
2023-01-03,171.05999755859375,364.134033203125,49.98738479614258
2023-01-04,172.6699981689453,366.9451599121094,50.94012451171875
2023-01-05,170.52000427246094,362.757080078125,50.47710418701172
2023-01-06,173.7100067138672,371.0758361816406,51.821632385253906
2023-01-09,174.10000610351562,370.8655090332031,52.15107727050781
2023-01-10,174.74000549316406,373.46624755859375,52.400386810302734
2023-01-11,174.6199951171875,378.1898193359375,52.774356842041016
2023-01-12,176.63999938964844,379.5667724609375,53.424354553222656
2023-01-13,178.75999450683594,381.039306640625,53.673667907714844
2023-01-17,177.58999633789062,380.34124755859375,53.80722427368164
2023-01-18,177.0800018310547,374.33642578125,53.6469612121582
2023-01-19,179.88999938964844,371.611328125,53.37983322143555
2023-01-20,179.2899932861328,378.5340270996094,53.833946228027344
2023-01-23,179.6300048828125,383.0759582519531,54.083255767822266
2023-01-24,180.27999877929688,382.6648254394531,53.931880950927734
2023-01-25,181.11000061035156,382.80828857421875,54.14558792114258
2023-01-26,179.47000122070312,387.0154113769531,54.20791244506836
2023-01-27,179.22000122070312,387.9047546386719,54.02983856201172
2023-01-30,178.75999450683594,383.0377502441406,53.700382232666016
2023-01-31,179.41000366210938,388.669677734375,54.083255767822266
2023-02-01,181.6699981689453,392.8003234863281,54.70654296875
2023-02-02,177.89999389648438,398.518310546875,54.80448532104492
2023-02-03,173.4600067138672,394.2825012207031,54.26134490966797
2023-02-06,173.82000732421875,391.87286376953125,53.673667907714844
2023-02-07,173.97999572753906,396.9980163574219,54.065452575683594
2023-02-08,174.41000366210938,392.6569519042969,53.84284973144531
2023-02-09,173.02999877929688,389.2529296875,53.931880950927734
2023-02-10,173.36000061035156,390.1612854003906,53.49558639526367
2023-02-13,172.47999572753906,394.7413635253906,54.2524299621582
2023-02-14,172.61000061035156,394.5597839355469,54.51064682006836
2023-02-15,170.88999938964844,395.8410339355469,54.45722961425781
2023-02-16,170.75,390.3907470703125,54.14558792114258
2023-02-17,171.25999450683594,389.4154357910156,54.44832229614258
2023-02-21,170.6199951171875,381.60345458984375,53.825042724609375
2023-02-22,169.66000366210938,381.0775146484375,53.49558639526367
2023-02-23,169.57000732421875,383.1046447753906,53.833946228027344
2023-02-24,168.35000610351562,379.01214599609375,52.907920837402344
2023-02-27,169.00999450683594,380.3030700683594,53.69148635864258
2023-02-28,169.77999877929688,378.8974609375,53.15723419189453
2023-03-01,170.75999450683594,377.4440002441406,53.49558639526367
2023-03-02,170.66000366210938,380.3795166015625,53.53119659423828
2023-03-03,172.49000549316406,386.47998046875,54.21681594848633
2023-03-06,171.6199951171875,386.7477111816406,54.118873596191406
2023-03-07,168.6199951171875,380.8193664550781,52.98805618286133
2023-03-08,168.5399932861328,381.4408874511719,53.1661376953125
2023-03-09,170.1999969482422,374.40338134765625,52.658607482910156
2023-03-10,173.8699951171875,369.00091552734375,52.2401123046875
2023-03-13,177.86000061035156,368.4750061035156,51.86613845825195
2023-03-14,176.8300018310547,374.5659484863281,52.82778549194336
2023-03-15,178.2100067138672,372.2232360839844,50.833282470703125
2023-03-16,178.57000732421875,378.7540283203125,51.599021911621094
2023-03-17,183.77000427246094,374.3252868652344,50.824378967285156
2023-03-20,183.83999633789062,377.92474365234375,51.8191032409668
2023-03-21,180.3699951171875,382.8870544433594,52.8111572265625
2023-03-22,183.44000244140625,376.36016845703125,52.507286071777344
2023-03-23,185.74000549316406,377.3776550292969,52.51621627807617
2023-03-24,183.64999389648438,379.85400390625,52.1051025390625
2023-03-27,181.9499969482422,380.56427001953125,52.71284866333008
2023-03-28,183.44000244140625,379.7100830078125,52.66816329956055
2023-03-29,182.52999877929688,385.2290954589844,53.517215728759766
2023-03-30,184.17999267578125,387.484619140625,54.33051681518555
2023-03-31,183.22000122070312,392.9461669921875,54.473514556884766
2023-04-03,184.5399932861328,394.4434509277344,54.85783004760742
2023-04-04,187.97999572753906,392.2550964355469,54.866764068603516
2023-04-05,187.8300018310547,391.2280578613281,54.562889099121094
2023-04-06,186.49000549316406,392.7541809082031,55.02763748168945
2023-04-10,185.11000061035156,393.1572570800781,55.02763748168945
2023-04-11,186.27999877929688,393.2628173828125,55.242130279541016
2023-04-12,187.19000244140625,391.659912109375,55.68006896972656
2023-04-13,189.72000122070312,396.8621826171875,56.430809020996094
2023-04-14,186.36000061035156,395.892822265625,56.341434478759766
2023-04-17,185.52999877929688,397.3133239746094,56.07331848144531
2023-04-18,186.25,397.5724792480469,56.45761489868164
2023-04-19,185.36000061035156,397.50537109375,56.332496643066406
2023-04-20,186.08999633789062,395.3360595703125,56.25205612182617
2023-04-21,184.25,395.6432800292969,56.672119140625
2023-04-24,184.80999755859375,396.0559387207031,56.90449142456055
2023-04-25,185.75,389.76904296875,55.948184967041016
2023-04-26,184.74000549316406,388.1181335449219,55.99287414550781
2023-04-27,184.75,395.8447570800781,56.64529800415039
2023-04-28,184.8000030517578,399.223388671875,56.72574996948242
2023-05-01,183.97000122070312,398.8202819824219,56.73468017578125
2023-05-02,187.52000427246094,394.337890625,56.07331848144531
2023-05-03,189.11000061035156,391.6311340332031,56.25205612182617
2023-05-04,190.44000244140625,388.8572082519531,55.96605682373047
2023-05-05,187.4600067138672,396.0559387207031,56.80618667602539
2023-05-08,187.69000244140625,396.16156005859375,56.81511306762695
2023-05-09,189.02000427246094,394.42425537109375,56.36824035644531
2023-05-10,188.75,396.2671203613281,56.29674530029297
2023-05-11,187.1300048828125,395.5760192871094,56.05543518066406
2023-05-12,186.80999755859375,395.0577697753906,55.90349578857422
2023-05-15,187.2100067138672,396.4207458496094,56.32355880737305
2023-05-16,184.8699951171875,393.7715759277344,55.73368835449219
2023-05-17,184.22999572753906,398.5515441894531,55.974998474121094
2023-05-18,181.83999633789062,402.3908386230469,55.86774826049805
2023-05-19,183.63999938964844,401.8053894042969,56.27888488769531
2023-05-22,183.2100067138672,401.9685363769531,56.207374572753906
2023-05-23,183.42999267578125,397.4573059082031,55.385135650634766
2023-05-24,181.9499969482422,394.577880859375,54.518211364746094
2023-05-25,180.1999969482422,397.9948425292969,54.37520217895508
2023-05-26,180.9199981689453,403.1491394042969,54.9740104675293
2023-05-30,182.0399932861328,403.30267333984375,54.402015686035156
2023-05-31,182.32000732421875,401.06634521484375,53.82108688354492
2023-06-01,183.75999450683594,404.8768005371094,54.45563888549805
2023-06-02,181.0500030517578,410.7318420410156,55.09912872314453
2023-06-05,182.13999938964844,409.9447937011719,54.70588684082031
2023-06-06,182.33999633789062,410.83746337890625,54.91144943237305
2023-06-07,180.14999389648438,409.4168701171875,54.67013931274414
2023-06-08,182.52999877929688,411.89324951171875,55.30469512939453
2023-06-09,182.0399932861328,412.63226318359375,54.9740104675293
2023-06-12,181.8800048828125,416.37567138671875,55.21531677246094
2023-06-13,180.5399932861328,419.12078857421875,55.64431381225586
2023-06-14,180.63999938964844,419.6198425292969,55.840938568115234
2023-06-15,181.91000366210938,424.8221740722656,56.600624084472656
2023-06-16,181.6300048828125,423.3751220703125,56.555938720703125
2023-06-20,179.75,421.1785583496094,55.7546272277832
2023-06-21,179.49000549316406,419.0206604003906,55.645484924316406
2023-06-22,177.7100067138672,420.5331726074219,55.42719650268555
2023-06-23,178.1999969482422,417.35394287109375,54.7541389465332
2023-06-26,178.50999450683594,415.6487121582031,54.82689666748047
2023-06-27,177.69000244140625,420.20556640625,55.381717681884766
2023-06-28,177.27999877929688,420.4175109863281,55.336246490478516
2023-06-29,177.08999633789062,422.07452392578125,55.25437927246094
2023-06-30,178.27000427246094,427.0553283691406,56.11844253540039
2023-07-03,178.47000122070312,427.5466613769531,55.954734802246094
2023-07-05,177.83999633789062,426.91082763671875,55.22710037231445
2023-07-06,177.30999755859375,423.56781005859375,54.24479675292969
2023-07-07,178.63999938964844,422.4984436035156,54.599517822265625
2023-07-10,178.77999877929688,423.56781005859375,54.92694854736328
2023-07-11,179.4499969482422,426.2653503417969,55.518150329589844
2023-07-12,181.8800048828125,429.695068359375,56.836978912353516
2023-07-13,182.00999450683594,433.1054382324219,57.728328704833984
2023-07-14,181.42999267578125,432.8357238769531,57.45546340942383
2023-07-17,181.55999755859375,434.3386535644531,57.37360763549805
2023-07-18,183.63999938964844,437.5660095214844,57.71013259887695
2023-07-19,183.6699981689453,438.5390625,57.70104217529297
2023-07-20,182.74000549316406,435.6295471191406,57.482749938964844
2023-07-21,182.17999267578125,435.6295471191406,57.68284606933594
2023-07-24,181.39999389648438,437.57562255859375,57.39179611206055
2023-07-25,182.41000366210938,438.770263671875,57.500946044921875
2023-07-26,183.3000030517578,438.8376770019531,57.610084533691406
2023-07-27,180.4199981689453,435.92822265625,57.2735595703125
2023-07-28,181.86000061035156,440.1960754394531,57.764705657958984
2023-07-31,182.35000610351562,441.0342712402344,57.74651336669922
2023-08-01,180.4600067138672,439.772216796875,57.10984420776367
2023-08-02,179.60000610351562,433.65460205078125,56.072967529296875
2023-08-03,179.5399932861328,432.411865234375,55.9183464050293
2023-08-04,180.19000244140625,430.4561767578125,56.018394470214844
2023-08-07,179.77999877929688,434.2134094238281,56.555023193359375
2023-08-08,178.63999938964844,432.32513427734375,56.2548713684082
2023-08-09,177.7899932861328,429.4349060058594,56.3822135925293
2023-08-10,177.60000610351562,429.58905029296875,56.60049819946289
2023-08-11,177.60000610351562,429.3385925292969,56.11844253540039
2023-08-14,177.05999755859375,431.7085266113281,56.009307861328125
2023-08-15,176.58999633789062,426.6795959472656,55.2907600402832
2023-08-16,175.57000732421875,423.54852294921875,54.9542350769043
2023-08-17,175.3000030517578,420.32122802734375,54.481285095214844
2023-08-18,175.3300018310547,420.52349853515625,54.390323638916016
2023-08-21,175.80999755859375,423.25958251953125,54.69956970214844
2023-08-22,176.10000610351562,422.11309814453125,54.49946594238281
2023-08-23,177.88999938964844,426.814453125,54.9542350769043
2023-08-24,177.85000610351562,420.89923095703125,54.19022750854492
2023-08-25,177.6199951171875,423.866455078125,54.58132553100586
2023-08-28,178.1300048828125,426.5543518066406,55.154335021972656
2023-08-29,179.8699951171875,432.7201232910156,55.9365348815918
2023-08-30,180.32000732421875,434.50238037109375,55.90925598144531
2023-08-31,180.02000427246094,433.86651611328125,55.409000396728516
2023-09-01,180.11000061035156,434.67578125,55.21799850463867
2023-09-05,178.63999938964844,432.79718017578125,54.55404281616211
2023-09-06,177.8300018310547,429.8877258300781,54.353946685791016
2023-09-07,178.02000427246094,428.56787109375,54.117462158203125
2023-09-08,178.0800018310547,429.2133483886719,54.199317932128906
2023-09-11,178.41000366210938,432.03607177734375,54.763240814208984
2023-09-12,177.49000549316406,429.6661071777344,54.40851593017578
2023-09-13,177.0800018310547,430.1671142578125,54.18113327026367
2023-09-14,177.1699981689453,433.8761291503906,54.82689666748047
2023-09-15,178.33999633789062,428.648681640625,54.74504470825195
2023-09-18,179.38999938964844,428.9001159667969,54.36228561401367
2023-09-19,179.22000122070312,428.0105895996094,54.398826599121094
2023-09-20,179.35000610351562,424.0758056640625,54.49931335449219
2023-09-21,178.0500030517578,417.0664978027344,53.71369934082031
2023-09-22,178.6199951171875,416.1286926269531,53.59495162963867
2023-09-25,177.6999969482422,417.87860107421875,53.22955322265625
2023-09-26,176.27999877929688,411.7394714355469,52.56269836425781
2023-09-27,174.10000610351562,411.90374755859375,52.33432388305664
2023-09-28,173.22999572753906,414.291748046875,52.84587478637695
2023-09-29,171.4499969482422,413.2863464355469,52.91896057128906
2023-10-02,169.64999389648438,413.12200927734375,52.01459503173828
2023-10-03,169.16000366210938,407.5919494628906,51.457366943359375
2023-10-04,169.13999938964844,410.5599060058594,51.713138580322266
2023-10-05,168.8300018310547,410.4052734375,52.01459503173828
2023-10-06,169.6999969482422,415.27789306640625,52.690589904785156
2023-10-09,172.82000732421875,417.93658447265625,52.52615737915039
2023-10-10,172.52999877929688,420.11187744140625,53.348304748535156
2023-10-11,173.7899932861328,421.83282470703125,53.70457458496094
2023-10-12,173.25999450683594,419.2611083984375,53.0925178527832
2023-10-13,178.8300018310547,417.1728210449219,52.608367919921875
2023-10-16,177.9600067138672,421.5621032714844,53.0925178527832
2023-10-17,178.2899932861328,421.5427551269531,53.037715911865234
2023-10-18,180.8699951171875,415.9256591796875,52.060272216796875
2023-10-19,183.08999633789062,412.2711486816406,51.63093185424805
2023-10-20,183.58999633789062,407.20513916015625,51.137638092041016
2023-10-23,182.97000122070312,406.4993896484375,51.24726104736328
2023-10-24,182.9499969482422,409.5641174316406,51.439090728759766
2023-10-25,183.72000122070312,403.68603515625,50.98234558105469
2023-10-26,184.00999450683594,398.85205078125,50.76310348510742
2023-10-27,186.14999389648438,397.04412841796875,50.40684127807617
2023-10-30,185.10000610351562,401.7911376953125,51.19245529174805
2023-10-31,184.08999633789062,404.314453125,51.28379440307617
2023-11-01,183.50999450683594,408.6263122558594,51.63093185424805
2023-11-02,184.1199951171875,416.4574279785156,52.763671875
2023-11-03,184.7899932861328,420.2569274902344,53.202144622802734
2023-11-06,183.35000610351562,421.2237243652344,53.02858352661133
2023-11-07,182.58999633789062,422.42254638671875,52.79107666015625
2023-11-08,180.77000427246094,422.7319641113281,53.046852111816406
2023-11-09,181.49000549316406,419.43511962890625,53.037715911865234
2023-11-10,179.50999450683594,425.9803161621094,53.28436279296875
2023-11-13,180.50999450683594,425.5743103027344,53.42138671875
2023-11-14,182.1199951171875,433.8307189941406,55.001747131347656
2023-11-15,181.63999938964844,434.7491760253906,54.99259948730469
2023-11-16,183.69000244140625,435.281005859375,54.87384796142578
2023-11-17,183.6699981689453,435.8223571777344,55.632049560546875
2023-11-20,183.3699951171875,439.1771545410156,55.88783264160156
2023-11-21,185.35000610351562,438.22003173828125,55.65031814575195
2023-11-22,184.55999755859375,439.9118957519531,55.741668701171875
2023-11-24,185.52000427246094,440.18255615234375,56.33544158935547
2023-11-27,186.77000427246094,439.3897705078125,56.1618766784668
2023-11-28,189.25999450683594,439.8248291015625,56.1618766784668
2023-11-29,189.5399932861328,439.5154724121094,56.41765213012695
2023-11-30,188.75,441.2460632324219,56.289772033691406
2023-12-01,192.00999450683594,443.8564147949219,56.8287353515625
2023-12-04,187.86000061035156,441.5264892578125,56.51814651489258
2023-12-05,187.14999389648438,441.439453125,56.46333694458008
2023-12-06,187.83999633789062,439.6605529785156,56.47246551513672
2023-12-07,188.14999389648438,443.0152893066406,56.67343521118164
2023-12-08,185.63999938964844,444.919921875,56.98402786254883
2023-12-11,183.58999633789062,446.6504211425781,57.066246032714844
2023-12-12,183.49000549316406,448.69036865234375,57.16673278808594
2023-12-13,187.6300048828125,454.8778991699219,57.970603942871094
2023-12-14,188.72999572753906,456.3377685546875,58.6374626159668
2023-12-15,187.0,455.5864562988281,57.98887634277344
2023-12-18,187.85000610351562,458.14910888671875,58.16093826293945
2023-12-19,189.1300048828125,460.93505859375,58.768226623535156
2023-12-20,188.10000610351562,454.5478210449219,58.078125
2023-12-21,189.42999267578125,458.8577575683594,58.94304275512695
2023-12-22,190.27000427246094,459.7799377441406,58.9798469543457
2023-12-26,191.72000122070312,461.7214050292969,59.34789276123047
2023-12-27,192.58999633789062,462.5561828613281,59.679134368896484
2023-12-28,191.47000122070312,462.73089599609375,59.274288177490234
2023-12-29,191.1699981689453,461.39129638671875,59.32949447631836
2024-01-02,190.72000122070312,458.8092041015625,58.58419418334961
2024-01-03,189.1300048828125,455.062255859375,58.08732986450195
2024-01-04,189.32000732421875,453.5964660644531,58.418575286865234
2024-01-05,189.35000610351562,454.2177429199219,58.30815505981445
2024-01-08,187.8699951171875,460.7021179199219,58.97064208984375
2024-01-09,187.92999267578125,460.0032043457031,58.38176727294922
2024-01-10,187.5,462.6047058105469,58.63019943237305
2024-01-11,187.8699951171875,462.40087890625,58.3725700378418
2024-01-12,189.7100067138672,462.7211608886719,58.53818893432617
2024-01-16,187.91000366210938,461.02239990234375,57.42483901977539
2024-01-17,185.83999633789062,458.4598388671875,56.97397994995117
2024-01-18,187.3699951171875,462.5367431640625,57.48004913330078
2024-01-19,187.92999267578125,468.3028564453125,57.49845886230469
2024-01-22,187.22000122070312,469.2929992675781,57.599666595458984
2024-01-23,187.9499969482422,470.66162109375,57.461647033691406
2024-01-24,186.39999389648438,471.1761779785156,58.03211975097656
2024-01-25,187.13999938964844,473.7388000488281,58.29895782470703
2024-01-26,187.00999450683594,473.1369934082031,58.82342529296875
2024-01-29,188.3300018310547,476.8839416503906,59.01665115356445
2024-01-30,188.58999633789062,476.51507568359375,59.04425811767578
2024-01-31,188.4499969482422,468.73968505859375,58.602596282958984
2024-02-01,190.41000366210938,474.8746337890625,59.18227767944336
2024-02-02,188.61000061035156,479.8737487792969,58.61180114746094
2024-02-05,187.57000732421875,478.12646484375,58.27135467529297
2024-02-06,188.5500030517578,479.51458740234375,58.74061584472656
2024-02-07,188.5,483.5139465332031,58.54738998413086
2024-02-08,188.3300018310547,483.7275695800781,58.54738998413086
2024-02-09,187.60000610351562,486.523193359375,58.74981689453125
2024-02-12,187.11000061035156,486.3096008300781,58.79582214355469
2024-02-13,184.52999877929688,479.6116638183594,57.65487289428711
2024-02-14,184.4199981689453,483.97021484375,58.46458053588867
2024-02-15,185.66000366210938,487.3094787597656,59.108665466308594
2024-02-16,186.33999633789062,484.8826599121094,59.20067596435547
2024-02-20,187.47000122070312,482.21319580078125,59.50432205200195
2024-02-21,187.47999572753906,482.6500244140625,59.57792663574219
2024-02-22,187.55999755859375,492.6387023925781,60.17600631713867
2024-02-23,188.6199951171875,492.9784240722656,60.24961853027344
2024-02-26,188.1999969482422,491.17291259765625,60.185211181640625
2024-02-27,188.0,492.0853576660156,60.28642654418945
2024-02-28,188.33999633789062,491.43499755859375,59.982791900634766
2024-02-29,189.30999755859375,493.2016906738281,60.01039123535156
2024-03-01,192.88999938964844,497.83197021484375,60.516456604003906
2024-03-04,196.00999450683594,497.2981262207031,60.433650970458984
2024-03-05,197.19000244140625,492.3280334472656,60.185211181640625
2024-03-06,198.80999755859375,494.8227844238281,60.82930374145508
2024-03-07,199.94000244140625,499.734619140625,61.77701950073242
2024-03-08,201.6300048828125,496.73516845703125,61.50098419189453
2024-03-11,202.0,496.3080139160156,61.51019287109375
2024-03-12,199.7899932861328,501.64697265625,62.10826110839844
2024-03-13,201.19000244140625,500.860595703125,62.218685150146484
2024-03-14,200.35000610351562,499.8705139160156,61.758628845214844
2024-03-15,199.7100067138672,496.4381103515625,61.7031135559082
2024-03-18,200.02999877929688,499.3885192871094,61.34226989746094
2024-03-19,199.8000030517578,502.1636657714844,61.44404602050781
2024-03-20,202.17999267578125,506.8083801269531,62.18422317504883
2024-03-21,201.97000122070312,508.4832458496094,62.026939392089844
2024-03-22,200.35000610351562,507.5192565917969,61.87888717651367
2024-03-25,200.99000549316406,506.11700439453125,61.943660736083984
2024-03-26,201.63999938964844,505.1822814941406,62.03619384765625
2024-03-27,203.10000610351562,509.42767333984375,62.41553497314453
2024-03-28,205.72000122070312,509.3302917480469,62.30449676513672
2024-04-01,207.82000732421875,508.44427490234375,62.19346237182617
2024-04-02,210.88999938964844,505.2115478515625,61.6568489074707
2024-04-03,212.74000549316406,505.76654052734375,62.09170150756836
2024-04-04,211.52000427246094,499.593017578125,61.61058807373047
2024-04-05,215.13999938964844,504.8122253417969,61.76787185668945
2024-04-08,216.47999572753906,505.0946044921875,62.08245086669922
2024-04-09,217.6699981689453,505.67889404296875,61.95292282104492
2024-04-10,215.61000061035156,500.61541748046875,61.22199249267578
2024-04-11,219.8000030517578,504.3935546875,61.258995056152344
2024-04-12,216.88999938964844,497.4313659667969,60.20423889160156
2024-04-15,220.9499969482422,491.199462890625,60.111724853515625
2024-04-16,221.22000122070312,490.3036193847656,59.63059997558594
2024-04-17,219.58999633789062,487.4018859863281,59.83415985107422
2024-04-18,220.33999633789062,486.39892578125,59.69536590576172
2024-04-19,221.02999877929688,482.1534423828125,59.843406677246094
2024-04-22,215.57000732421875,486.59368896484375,60.50956726074219
2024-04-23,215.0399932861328,492.367919921875,61.36077117919922
2024-04-24,214.63999938964844,492.1342468261719,61.07395553588867
2024-04-25,215.9199981689453,490.2646789550781,60.962921142578125
2024-04-26,216.6199951171875,494.909423828125,61.425537109375
2024-04-29,216.17999267578125,496.662109375,61.619834899902344
2024-04-30,211.8699951171875,488.79437255859375,60.71311950683594
2024-05-01,213.7899932861328,487.2071533203125,60.639102935791016
2024-05-02,213.1300048828125,491.76422119140625,61.24049758911133
2024-05-03,212.9600067138672,497.85980224609375,61.79562759399414
2024-05-06,215.1999969482422,503.0010681152344,62.29524612426758
2024-05-07,214.2100067138672,503.5561218261719,62.70234680175781
2024-05-08,213.5800018310547,503.6048583984375,62.93364334106445
2024-05-09,216.9499969482422,506.50653076171875,63.4887809753418
2024-05-10,218.7100067138672,507.1589660644531,63.77561569213867
2024-05-13,216.25999450683594,507.22698974609375,63.8126106262207
2024-05-14,218.08999633789062,509.5542907714844,64.34925079345703
2024-05-15,220.88999938964844,515.8641967773438,65.05239868164062
2024-05-16,220.02999877929688,514.8027954101562,64.67308044433594
2024-05-17,223.66000366210938,515.5428466796875,64.8488540649414
2024-05-20,224.55999755859375,516.1368408203125,64.82110595703125
2024-05-21,224.22999572753906,517.4026489257812,64.81185913085938
2024-05-22,220.11000061035156,515.9129028320312,64.30298614501953
2024-05-23,215.72000122070312,512.1444702148438,64.00690460205078
2024-05-24,215.9199981689453,515.532958984375,64.50653076171875
2024-05-28,218.19000244140625,515.8933715820312,64.38626098632812
2024-05-29,216.16000366210938,512.2807006835938,63.43327331542969
2024-05-30,216.57000732421875,508.88238525390625,64.03466033935547
2024-05-31,215.3000030517578,513.5173950195312,64.6268081665039
2024-06-03,217.22000122070312,513.93603515625,64.71009063720703
2024-06-04,215.27000427246094,514.5105590820312,64.50653076171875
2024-06-05,217.82000732421875,520.6256103515625,65.12642669677734
2024-06-06,219.42999267578125,520.615966796875,65.38549041748047
2024-06-07,211.60000610351562,519.9829711914062,64.53428649902344
2024-06-10,213.5399932861328,521.589599609375,64.3399887084961
2024-06-11,214.14999389648438,522.8457641601562,63.562808990478516
2024-06-12,214.72000122070312,527.139892578125,64.5620346069336
2024-06-13,212.97000122070312,528.201416015625,63.57204818725586
2024-06-14,215.72999572753906,528.522705078125,62.535804748535156
2024-06-17,214.61000061035156,532.7291259765625,63.035423278808594
2024-06-18,215.47000122070312,534.0827026367188,63.350006103515625
2024-06-20,218.16000366210938,532.6317749023438,63.50728988647461
2024-06-21,214.77999877929688,531.917724609375,62.992523193359375
2024-06-24,215.6300048828125,530.1885986328125,63.55613327026367
2024-06-25,214.55999755859375,532.2302856445312,63.43402862548828
2024-06-26,212.5800018310547,532.89453125,62.87041473388672
2024-06-27,214.99000549316406,533.7347412109375,62.804664611816406
2024-06-28,215.00999450683594,531.6343994140625,62.720115661621094
2024-07-01,215.57000732421875,532.7285766601562,63.095855712890625
2024-07-02,215.55999755859375,536.3135986328125,62.926761627197266
2024-07-03,217.99000549316406,538.70703125,63.71582794189453
2024-07-05,220.92999267578125,541.8134155273438,64.24185943603516
2024-07-08,218.19000244140625,542.4385986328125,63.922489166259766
2024-07-09,218.55999755859375,542.9662475585938,63.415245056152344
2024-07-10,219.36000061035156,548.3389282226562,64.20427703857422
2024-07-11,223.25,543.61083984375,64.51427459716797
2024-07-12,223.11000061035156,547.0397338867188,65.28453826904297
2024-07-15,223.8300018310547,548.5440673828125,64.58002471923828
2024-07-16,228.2899932861328,551.7969970703125,64.82424926757812
2024-07-17,227.22999572753906,544.0601196289062,64.47669219970703
2024-07-18,225.77999877929688,539.879150390625,63.950660705566406
2024-07-19,221.72999572753906,536.2940673828125,63.56551742553711
2024-07-22,221.8000030517578,541.8231811523438,64.45790100097656
2024-07-23,222.5800018310547,540.973388671875,63.90369415283203
2024-07-24,221.8000030517578,528.7135009765625,63.3119010925293
2024-07-25,218.3300018310547,525.958740234375,63.095855712890625
2024-07-26,220.6300048828125,531.8493041992188,63.98823547363281
2024-07-29,220.32000732421875,532.161865234375,63.5091667175293
2024-07-30,222.52000427246094,529.4656982421875,63.7440071105957
2024-07-31,226.5500030517578,538.0719604492188,64.3076171875
2024-08-01,225.77000427246094,530.452392578125,62.97374725341797
2024-08-02,225.33999633789062,520.5762329101562,62.49467849731445
2024-08-05,222.47999572753906,505.4150390625,61.113834381103516
2024-08-06,220.6999969482422,510.0747985839844,61.273529052734375
2024-08-07,220.5500030517578,506.66552734375,61.36745834350586
2024-08-08,224.00999450683594,518.3781127929688,62.222267150878906
2024-08-09,224.55999755859375,520.6640014648438,62.61679458618164
2024-08-12,228.41000366210938,520.9376831054688,62.466495513916016
2024-08-13,228.05999755859375,529.5048217773438,63.30250930786133
2024-08-14,226.1999969482422,531.1752319335938,63.65007400512695
2024-08-15,226.91000366210938,540.2797241210938,64.29822540283203
2024-08-16,231.99000549316406,541.4910278320312,64.64578247070312
2024-08-19,231.61000061035156,546.6683959960938,65.36908721923828
2024-08-20,232.4600067138672,545.7794799804688,65.19059753417969
2024-08-21,232.14999389648438,547.6551513671875,65.74480438232422
2024-08-22,229.3699951171875,543.35693359375,65.35969543457031
2024-08-23,232.02000427246094,549.1301879882812,66.47749328613281
2024-08-26,232.75999450683594,547.8211669921875,66.27084350585938
2024-08-27,233.38999938964844,548.5733642578125,66.55264282226562
2024-08-28,231.75,545.3887939453125,66.27084350585938
2024-08-29,232.9499969482422,545.4375610351562,66.47749328613281
2024-08-30,231.2899932861328,550.644287109375,66.62779235839844
2024-09-03,230.2899932861328,539.3126831054688,65.37847137451172
2024-09-04,230.42999267578125,538.2088012695312,65.20938110351562
2024-09-05,232.35000610351562,536.899658203125,65.05908966064453
2024-09-06,230.6300048828125,527.8636474609375,64.20427703857422
2024-09-09,231.60000610351562,533.7737426757812,64.62698364257812
2024-09-10,232.6199951171875,536.0986938476562,64.3170166015625
2024-09-11,232.25,541.5985107421875,64.66455078125
2024-09-12,236.3300018310547,546.1604614257812,65.1154556274414
2024-09-13,238.67999267578125,549.012939453125,65.51937103271484
2024-09-16,238.66000366210938,549.8238525390625,65.9984359741211
2024-09-17,237.33999633789062,550.0485229492188,65.75419616699219
2024-09-18,235.50999450683594,548.4171752929688,65.59452056884766
2024-09-19,239.1699981689453,557.7755737304688,66.73113250732422
2024-09-20,242.2100067138672,556.811279296875,65.73395538330078
2024-09-23,242.67999267578125,558.2027587890625,65.94110107421875
2024-09-24,246.07000732421875,559.7998657226562,66.57198333740234
2024-09-25,245.72999572753906,558.5653076171875,66.18592834472656
2024-09-26,246.97999572753906,560.7798461914062,67.53244018554688
2024-09-27,245.02000427246094,559.9664916992188,67.49478149414062
2024-09-30,243.05999755859375,562.21044921875,66.94864654541016
2024-10-01,245.61000061035156,557.1738891601562,66.20475769042969
2024-10-02,245.66000366210938,557.4091186523438,65.99760437011719
2024-10-03,245.49000549316406,556.3899536132812,65.24432373046875
2024-10-04,245.0,561.4461059570312,65.60212707519531
2024-10-07,244.1699981689453,556.370361328125,65.21607208251953
2024-10-08,242.3699951171875,561.6322631835938,65.15015411376953
2024-10-09,241.0500030517578,565.5224609375,65.38555145263672
2024-10-10,242.82000732421875,564.53271484375,65.1972427368164
2024-10-11,245.47000122070312,567.9132080078125,65.60212707519531
2024-10-14,245.07000732421875,572.5579223632812,65.8187026977539
2024-10-15,245.9199981689453,568.1093139648438,64.84883117675781
2024-10-16,247.14999389648438,570.5784912109375,64.93357849121094
2024-10-17,248.6300048828125,570.6275634765625,65.00891876220703
2024-10-18,251.27000427246094,572.8224487304688,65.49855041503906
2024-10-21,251.22000122070312,571.8817749023438,64.81117248535156
2024-10-22,253.92999267578125,571.578125,64.55693817138672
2024-10-23,250.8699951171875,566.355224609375,64.14263153076172
2024-10-24,252.8000030517578,567.5802612304688,64.4439468383789
2024-10-25,253.32000732421875,567.384033203125,64.14263153076172
2024-10-28,253.3300018310547,569.1381225585938,64.74526977539062
2024-10-29,256.0899963378906,570.0592041015625,64.19912719726562
2024-10-30,257.5,568.3345947265625,63.69066619873047
2024-10-31,253.50999450683594,557.1935424804688,63.25751495361328
2024-11-01,252.47000122070312,559.5452270507812,63.44583511352539
2024-11-04,252.8300018310547,558.3399658203125,63.48350143432617
2024-11-05,253.39999389648438,565.0912475585938,63.926055908203125
2024-11-06,245.6999969482422,579.142578125,62.560726165771484
2024-11-07,249.64999389648438,583.62060546875,63.558834075927734
2024-11-08,247.9600067138672,586.148681640625,62.57956314086914
2024-11-11,242.13999938964844,586.7072143554688,62.598392486572266
2024-11-12,240.0500030517578,584.8846435546875,61.32720947265625
2024-11-13,237.6300048828125,585.1688232421875,60.978816986083984
2024-11-14,237.00999450683594,581.406005859375,61.157718658447266
2024-11-15,236.58999633789062,573.9590454101562,60.978816986083984
2024-11-18,241.08999633789062,576.3108520507812,61.2236328125
2024-11-19,243.25,578.4175415039062,61.03531265258789
2024-11-20,244.6199951171875,578.6134643554688,60.912906646728516
2024-11-21,246.66000366210938,581.7196655273438,60.79990768432617
2024-11-22,249.83999633789062,583.5225830078125,61.02589797973633
2024-11-25,242.47999572753906,585.5020751953125,61.3648796081543
2024-11-26,242.9499969482422,588.5591430664062,61.007057189941406
2024-11-27,243.49000549316406,586.7758178710938,61.50611114501953
2024-11-29,245.58999633789062,590.4209594726562,62.14641571044922
2024-12-02,243.44000244140625,591.4791259765625,62.15583038330078
2024-12-03,243.92999267578125,591.75341796875,62.37240219116211
2024-12-04,244.6699981689453,595.4280395507812,62.57956314086914
2024-12-05,242.86000061035156,594.4481201171875,63.201026916503906
2024-12-06,242.9499969482422,595.5750122070312,63.25751495361328
2024-12-09,245.36000061035156,592.5079956054688,63.1539421081543
2024-12-10,248.58999633789062,590.6658935546875,62.654876708984375
2024-12-11,250.9600067138672,595.2320556640625,62.9373664855957
2024-12-12,247.27999877929688,592.1650390625,62.43831253051758
2024-12-13,244.2899932861328,592.0475463867188,62.43831253051758
2024-12-16,244.8800048828125,594.5756225585938,62.297080993652344
2024-12-17,243.94000244140625,592.1257934570312,62.01458740234375
2024-12-18,239.25999450683594,574.478515625,60.57392501831055
2024-12-19,239.60000610351562,574.302001953125,60.395015716552734
2024-12-20,242.10000610351562,581.199951171875,60.251220703125
2024-12-23,240.9600067138672,584.6802978515625,60.53690719604492
2024-12-24,241.44000244140625,591.1790771484375,60.87020492553711
2024-12-26,243.07000732421875,591.2184448242188,61.0320930480957
2024-12-27,241.39999389648438,584.9949340820312,60.832115173339844
2024-12-30,240.6300048828125,578.3192138671875,60.43214797973633
2024-12-31,242.1300048828125,576.2152709960938,60.441680908203125
2025-01-02,245.4199981689453,574.799560546875,60.1750373840332
2025-01-03,243.49000549316406,581.9865112304688,60.422630310058594
2025-01-06,243.19000244140625,585.3390502929688,61.24159240722656
2025-01-07,244.55999755859375,578.7222900390625,61.24159240722656
2025-01-08,245.86000061035156,579.5678100585938,61.00352478027344
2025-01-10,248.2100067138672,570.7192993164062,60.37501525878906
2025-01-13,245.74000549316406,571.6041870117188,60.06076431274414
2025-01-14,247.02999877929688,572.3906860351562,60.3369255065918
2025-01-15,248.8800048828125,582.8025512695312,61.1177978515625
2025-01-16,250.60000610351562,581.6817626953125,61.64155960083008
2025-01-17,249.27000427246094,587.521728515625,61.96533203125
2025-01-21,253.1300048828125,592.899658203125,63.393768310546875
2025-01-22,254.42999267578125,596.2326049804688,63.25092315673828
2025-01-23,254.07000732421875,599.4868774414062,63.87942886352539
2025-01-24,255.64999389648438,597.73681640625,64.00322723388672
2025-01-27,252.99000549316406,589.2815551757812,64.3555908203125
2025-01-28,255.17999267578125,594.3448486328125,64.08893585205078
2025-01-29,254.1999969482422,591.680419921875,64.15560150146484
2025-01-30,258.04998779296875,594.8560791015625,64.77458190917969
2025-01-31,258.55999755859375,591.6903686523438,64.2793960571289
2025-02-03,259.94000244140625,587.70849609375,63.33662414550781
2025-02-04,262.5,591.651123046875,64.13655090332031
2025-02-05,264.1300048828125,594.0499267578125,64.79363250732422
2025-02-06,263.42999267578125,596.1145629882812,65.15550231933594
2025-02-07,263.8999938964844,590.6580200195312,64.5174560546875
2025-02-10,268.3699951171875,594.6693725585938,64.99360656738281
2025-02-11,267.3900146484375,595.1216430664062,65.53642272949219
2025-02-12,267.6700134277344,593.2044677734375,66.0030288696289
2025-02-13,270.30999755859375,599.4672241210938,66.72677612304688
2025-02-14,266.2900085449219,599.4376831054688,66.8505630493164
2025-02-18,270.70001220703125,601.197509765625,67.31719207763672
2025-02-19,270.8500061035156,602.6133422851562,66.46012878417969
2025-02-20,270.989990234375,600.1062622070312,66.86962127685547
2025-02-21,270.739990234375,589.842041015625,66.59345245361328
2025-02-24,272.2099914550781,587.157958984375,66.59345245361328
2025-02-25,268.6199951171875,584.2379150390625,67.34575653076172
2025-02-26,269.0299987792969,584.5328979492188,67.42193603515625
2025-02-27,264.92999267578125,575.2026977539062,66.48870849609375
2025-02-28,263.2699890136719,584.178955078125,66.8505630493164
2025-03-03,266.739990234375,573.9441528320312,67.74571990966797
2025-03-04,269.05999755859375,567.150390625,67.8504638671875
2025-03-05,269.6199951171875,573.2461547851562,69.6026840209961
2025-03-06,268.25,563.0703125,68.84085083007812
2025-03-07,268.3900146484375,566.2262573242188,69.84074401855469
2025-03-10,266.0400085449219,551.1444091796875,68.09806823730469
2025-03-11,269.1600036621094,546.5628662109375,67.94569396972656
2025-03-12,270.3299865722656,549.4632568359375,68.16472625732422
2025-03-13,275.1300048828125,542.138671875,67.6028823852539
2025-03-14,275.239990234375,553.3369140625,69.00273895263672
2025-03-17,276.7300109863281,557.6039428710938,69.71695709228516
2025-03-18,279.9599914550781,551.5770874023438,69.99311828613281
2025-03-19,281.1099853515625,557.584228515625,69.96453857421875
2025-03-20,280.75,555.9718627929688,69.24081420898438
2025-03-21,278.489990234375,556.1552734375,68.63269805908203
2025-03-24,277.25,566.1151733398438,68.58488464355469
2025-03-25,278.4700012207031,567.47607421875,68.99604797363281
2025-03-26,278.239990234375,560.7013549804688,68.02075958251953
2025-03-27,281.9700012207031,559.2122802734375,68.1641845703125
2025-03-28,284.05999755859375,547.9506225585938,67.86778259277344
2025-03-31,288.1400146484375,551.62890625,67.13153076171875
2025-04-01,287.57000732421875,553.18701171875,67.30364227294922
2025-04-02,288.1600036621094,556.687744140625,67.5235595703125
2025-04-03,286.4200134277344,529.2538452148438,66.55785369873047
2025-04-04,279.7200012207031,498.2696838378906,62.16909408569336
2025-04-07,273.7099914550781,497.3821716308594,60.237667083740234
2025-04-08,275.20001220703125,489.591796875,59.97951126098633
2025-04-09,285.3800048828125,541.0084838867188,64.44474792480469
2025-04-10,292.3500061035156,517.3019409179688,63.59376525878906
2025-04-11,297.92999267578125,526.5320434570312,65.29573059082031
2025-04-14,296.2300109863281,531.6401977539062,65.78336334228516
2025-04-15,297.7799987792969,530.151123046875,66.44309997558594
2025-04-16,307.4700012207031,518.366943359375,66.17538452148438
2025-04-17,306.1199951171875,519.1065063476562,66.86382293701172
2025-04-21,315.5899963378906,506.7503356933594,66.41442108154297
2025-04-22,311.1099853515625,519.9348754882812,67.78172302246094
2025-04-23,303.6499938964844,527.991455078125,68.01119232177734
2025-04-24,308.07000732421875,539.105224609375,68.90042114257812
2025-04-25,304.7300109863281,543.0003662109375,69.1872787475586
2025-04-28,309.07000732421875,543.2073974609375,69.63665771484375
2025-04-29,306.05999755859375,546.6293334960938,69.78009033203125
2025-04-30,303.7699890136719,546.84619140625,69.7131576538086
2025-05-01,297.4599914550781,550.7216796875,69.46455383300781
2025-05-02,297.9800109863281,558.8966674804688,70.92745971679688
2025-05-05,306.8800048828125,555.6918334960938,71.02307891845703
2025-05-06,315.4800109863281,551.0470581054688,70.84140014648438
2025-05-07,310.75,553.3645629882812,70.63105773925781
2025-05-08,304.6300048828125,557.2203369140625,70.3729019165039
2025-05-09,306.8399963378906,556.51025390625,70.84140014648438
2025-05-12,298.19000244140625,574.9014892578125,70.99439239501953
2025-05-13,299.4599914550781,578.6981811523438,71.28125
2025-05-14,293.1600036621094,579.4376831054688,71.11869049072266
2025-05-15,297.8399963378906,582.2678833007812,71.82624816894531
2025-05-16,294.239990234375,585.9559936523438,71.99835968017578
2025-05-19,298.0299987792969,586.596923828125,72.92581939697266
2025-05-20,303.5799865722656,584.6246948242188,73.4039077758789
2025-05-21,305.82000732421875,574.7732543945312,73.02144622802734
2025-05-22,303.1099853515625,575.0001831054688,72.92581939697266
2025-05-23,309.75,571.0753173828125,72.81108856201172
2025-05-27,304.5,582.9483642578125,73.68119049072266
2025-05-28,303.80999755859375,579.5757446289062,72.96407318115234
2025-05-29,305.6099853515625,581.8635864257812,73.33696746826172
2025-05-30,303.6000061035156,581.2127685546875,73.39435577392578
2025-06-02,311.6700134277344,584.4866943359375,74.11145782470703
2025-06-03,308.9100036621094,587.8197631835938,73.48040008544922
2025-06-04,310.8999938964844,587.6619873046875,73.9680404663086
2025-06-05,309.3299865722656,584.8218994140625,74.04452514648438
2025-06-06,305.17999267578125,590.8274536132812,74.24531555175781
2025-06-09,306.6199951171875,591.3599243164062,74.24531555175781
2025-06-10,306.7099914550781,594.7127685546875,74.37918853759766
2025-06-11,308.3699951171875,593.0166625976562,74.29313659667969
2025-06-12,312.20001220703125,595.3734741210938,74.98155212402344
2025-06-13,316.2900085449219,588.7171630859375,73.84373474121094
2025-06-16,311.7799987792969,594.318359375,74.11145782470703
2025-06-17,311.94000244140625,589.2398681640625,73.04056549072266
2025-06-18,310.260009765625,589.1509399414062,72.99275970458984
2025-06-20,310.1300048828125,587.7673950195312,72.55325317382812
2025-06-23,311.0799865722656,593.5730590820312,73.18389892578125
2025-06-24,306.19000244140625,600.13037109375,74.15411376953125
2025-06-25,307.1199951171875,600.4666137695312,73.69811248779297
2025-06-26,306.7799987792969,605.1646118164062,74.3287582397461
2025-06-27,301.2200012207031,608.1712036132812,75.01760864257812
2025-06-30,304.8299865722656,611.0790405273438,75.19225311279297
2025-07-01,307.54998779296875,610.88134765625,75.2504653930664
2025-07-02,309.25,613.6505737304688,75.47361755371094
2025-07-03,307.1400146484375,618.4869995117188,75.43480682373047
2025-07-07,307.3699951171875,613.8780517578125,74.90119171142578
2025-07-08,304.1600036621094,613.541748046875,75.61914825439453
2025-07-09,305.5199890136719,617.2210083007812,76.34680938720703
2025-07-10,306.20001220703125,618.9617919921875,76.33712005615234
2025-07-11,309.1400146484375,616.7858276367188,75.47361755371094
2025-07-14,308.010009765625,617.9627685546875,75.43480682373047
2025-07-15,306.7300109863281,615.3220825195312,74.56160736083984
2025-07-16,308.260009765625,617.3792114257812,74.89148712158203
2025-07-17,307.5899963378906,621.1573486328125,74.95940399169922
2025-07-18,308.3900146484375,620.7025146484375,74.87207794189453
2025-07-21,313.1300048828125,621.87939453125,75.22135162353516
2025-07-22,316.1000061035156,621.9683837890625,75.66766357421875
2025-07-23,312.17999267578125,627.2597045898438,77.20061492919922
2025-07-24,310.2699890136719,627.4674682617188,76.35651397705078
2025-07-25,307.3999938964844,630.1181030273438,76.5214614868164
2025-07-28,305.4100036621094,629.9598388671875,75.14373779296875
2025-07-29,306.25,628.2982788085938,75.0370101928711
2025-07-30,300.9599914550781,627.5070190429688,74.2220230102539
2025-07-31,302.9599914550781,625.1531982421875,73.3973388671875
2025-08-01,309.1099853515625,614.9066162109375,73.01895141601562
2025-08-04,310.9100036621094,624.2530517578125,73.863037109375
2025-08-05,311.1600036621094,621.0880737304688,73.940673828125
2025-08-06,310.5,625.8455200195312,74.28994750976562
2025-08-07,313.1199951171875,625.3212890625,75.0758285522461
2025-08-08,313.04998779296875,630.1972045898438,75.3183822631836
2025-08-11,308.54998779296875,628.9509887695312,74.9302978515625
2025-08-12,308.2699890136719,635.6467895507812,75.69676971435547
2025-08-13,309.2099914550781,637.8228149414062,76.24979400634766
2025-08-14,307.25,637.882080078125,76.39531707763672
2025-08-15,307.42999267578125,636.3886108398438,76.59906768798828
2025-08-18,306.95001220703125,636.2501831054688,76.45355224609375
2025-08-19,305.2699890136719,632.7984008789062,76.61847686767578
2025-08-20,308.3599853515625,631.1170043945312,77.03567504882812
2025-08-21,307.2900085449219,628.5850830078125,76.56996154785156
2025-08-22,310.5799865722656,638.2381591796875,77.80215454101562
2025-08-25,309.8299865722656,635.4292602539062,76.64759063720703
2025-08-26,312.0799865722656,638.0897827148438,76.5311508178711
2025-08-27,312.7099914550781,639.5436401367188,76.31771850585938
2025-08-28,315.0299987792969,641.8085327148438,76.50204467773438
2025-08-29,318.07000732421875,637.9810180664062,76.1624755859375
2025-09-02,325.5899963378906,633.2533569335938,75.10493469238281
2025-09-03,328.1400146484375,636.6853637695312,75.4154052734375
2025-09-04,326.69000244140625,642.0064086914062,75.86170959472656
2025-09-05,331.04998779296875,640.1470336914062,76.23039245605469
2025-09-08,334.82000732421875,641.7195434570312,76.7737045288086
2025-09-09,334.05999755859375,643.203125,76.63787841796875
2025-09-10,335.260009765625,645.0625610351562,76.43414306640625
2025-09-11,334.760009765625,650.423095703125,77.25881958007812
2025-09-12,335.4200134277344,650.20556640625,76.99686431884766
2025-09-15,338.9100036621094,653.6671142578125,77.56929779052734
2025-09-16,339.5899963378906,652.7671508789062,77.32673645019531
2025-09-17,336.9700012207031,651.9561157226562,77.0259780883789
2025-09-18,335.6199951171875,655.0023803710938,77.33644104003906
2025-09-19,339.17999267578125,658.2465209960938,76.97554779052734
2025-09-22,345.04998779296875,661.3607177734375,77.29656219482422
2025-09-23,346.4599914550781,657.7605590820312,77.24793243408203
2025-09-24,343.32000732421875,655.6677856445312,76.74208068847656
2025-09-25,344.75,652.6429443359375,76.01250457763672
2025-09-26,346.739990234375,656.3819580078125,76.81017303466797
2025-09-29,352.4599914550781,658.2266845703125,77.0533676147461
2025-09-30,355.4700012207031,660.7061157226562,77.62731170654297
2025-10-01,356.0299987792969,662.9574584960938,78.52226257324219
2025-10-02,354.7900085449219,663.7210693359375,78.70708465576172
2025-10-03,357.6400146484375,663.7112426757812,79.13510131835938
2025-10-06,364.3800048828125,666.0914916992188,78.89189910888672
2025-10-07,366.260009765625,663.6219482421875,78.29851531982422
2025-10-08,372.29998779296875,667.5791625976562,78.75572204589844
2025-10-09,365.42999267578125,665.6452026367188,77.91913604736328
2025-10-10,369.1199951171875,647.6542358398438,77.02418518066406
2025-10-13,378.0899963378906,657.5919189453125,77.55921173095703
2025-10-14,380.7900085449219,656.78857421875,77.86077117919922
2025-10-15,387.3900146484375,659.7044067382812,78.0358657836914
2025-10-16,396.45001220703125,655.2117309570312,78.58061981201172
2025-10-17,388.989990234375,658.9308471679688,78.60008239746094
2025-10-20,403.1499938964844,665.7840576171875,78.9405517578125
2025-10-21,377.239990234375,665.7741088867188,78.47361755371094
2025-10-22,377.2799987792969,662.3128051757812,78.50279998779297
2025-10-23,378.7900085449219,666.2402954101562,78.96000671386719
2025-10-24,377.5199890136719,671.6851806640625,79.07673645019531
2025-10-27,367.010009765625,679.6094970703125,79.4658432006836
2025-10-28,364.3800048828125,681.4144897460938,79.26156616210938
2025-10-29,363.0,681.7418823242188,78.83354187011719
2025-10-30,370.1300048828125,674.2440185546875,78.4638900756836
2025-10-31,368.1199951171875,676.4556274414062,78.11369323730469
2025-11-03,368.7799987792969,677.7251586914062,77.98722839355469
2025-11-04,362.32000732421875,669.6917114257812,77.15064239501953
2025-11-05,366.510009765625,672.012451171875,77.79267883300781
2025-11-06,366.07000732421875,664.8021850585938,77.42301940917969
2025-11-07,368.30999755859375,665.4567260742188,77.80241394042969
2025-11-10,378.3800048828125,675.8407592773438,78.7265396118164
2025-11-11,379.8699951171875,677.3878784179688,79.56312561035156
2025-11-12,385.989990234375,677.7647705078125,80.0300521850586
2025-11-13,382.8699951171875,666.5180053710938,79.45611572265625
2025-11-14,375.9599914550781,666.4088745117188,78.85299682617188
2025-11-17,371.6499938964844,660.2002563476562,77.88995361328125
2025-11-18,374.3500061035156,654.6561889648438,77.13118743896484
2025-11-19,374.9599914550781,657.185302734375,76.82962799072266
2025-11-20,374.8500061035156,647.1683349609375,75.7790298461914
2025-11-21,374.2699890136719,653.6148681640625,76.9366226196289
2025-11-24,380.20001220703125,663.2351684570312,76.74208068847656
2025-11-25,380.0799865722656,669.4734497070312,78.0553207397461
2025-11-26,383.1199951171875,674.09521484375,78.79463195800781
2025-11-28,387.8800048828125,677.7747192382812,79.3102035522461
2025-12-01,389.75,674.6802978515625,78.91136932373047
2025-12-02,387.239990234375,675.9300537109375,79.27128601074219
2025-12-03,386.8800048828125,678.2706298828125,79.80632019042969
2025-12-04,387.1300048828125,678.7665405273438,79.75768280029297
2025-12-05,386.44000244140625,680.0557861328125,79.78685760498047
2025-12-08,385.4200134277344,678.0127563476562,79.60203552246094
2025-12-09,387.3999938964844,677.4276123046875,79.38802337646484
2025-12-10,389.04998779296875,681.92041015625,80.36080169677734
2025-12-11,393.239990234375,683.5072631835938,80.96392059326172
2025-12-12,395.44000244140625,676.1581420898438,80.4386215209961
2025-12-15,395.79998779296875,675.1365356445312,80.96392059326172
2025-12-16,395.8900146484375,673.2918701171875,80.788818359375
2025-12-17,399.2900085449219,665.8832397460938,80.35106658935547
2025-12-18,398.57000732421875,670.9114990234375,80.92501068115234
2025-12-19,399.0199890136719,676.9923095703125,81.29717254638672
2025-12-22,408.2300109863281,681.2098388671875,81.72924041748047
2025-12-23,413.6400146484375,684.3233032226562,82.1023941040039
2025-12-24,411.92999267578125,686.7305297851562,82.22022247314453
2025-12-26,416.739990234375,686.660888671875,82.45589447021484
2025-12-29,398.6000061035156,684.2138671875,82.16130828857422
2025-12-30,398.8900146484375,683.3782958984375,82.4362564086914
2025-12-31,396.30999755859375,678.3152465820312,82.1023941040039
2026-01-02,398.2799987792969,679.55859375,83.0352554321289
2026-01-05,408.760009765625,684.0845947265625,83.69317626953125
2026-01-06,413.17999267578125,688.1529541015625,83.8993911743164
2026-01-07,409.2300109863281,685.9347534179688,83.65390014648438
2026-01-08,411.489990234375,685.8651123046875,83.64407348632812
2026-01-09,414.4700012207031,690.4010009765625,84.22343444824219
2026-01-12,422.2300109863281,691.4852294921875,84.6849594116211
2026-01-13,421.6300048828125,690.1026000976562,84.24308013916016
2026-01-14,425.94000244140625,686.7105712890625,84.56713104248047
2026-01-15,423.3299865722656,688.5806884765625,84.36092376708984
2026-01-16,421.2900085449219,688.0037231445312,84.61622619628906
2026-01-20,437.2300109863281,673.9981689453125,83.42804718017578
2026-01-21,443.6000061035156,681.77685546875,84.2627182006836
2026-01-22,451.7900085449219,685.3379516601562,84.7635269165039
2026-01-23,458.0,685.5865478515625,85.36251831054688
2026-01-26,464.70001220703125,689.068115234375,85.93206787109375
2026-01-27,476.1000061035156,691.8134765625,87.30682373046875
2026-01-28,494.55999755859375,691.7438354492188,86.26593017578125
2026-01-29,495.8999938964844,690.3711547851562,86.72745513916016
2026-01-30,444.95001220703125,688.3121337890625,85.9222412109375
2026-02-02,427.1300048828125,691.73388671875,86.609619140625
2026-02-03,454.2900085449219,685.885009765625,86.28557586669922
2026-02-04,453.9700012207031,682.5626831054688,86.40340423583984
2026-02-05,441.8800048828125,674.0379638671875,85.20540618896484
2026-02-06,455.4599914550781,686.96923828125,86.89439392089844
2026-02-09,467.0299987792969,690.2816162109375,87.85672760009766
2026-02-10,462.3999938964844,688.4613037109375,87.6112289428711
2026-02-11,467.6300048828125,688.3021850585938,87.83708190917969
2026-02-12,451.3900146484375,677.668701171875,87.14970397949219
2026-02-13,462.6199951171875,678.1461181640625,87.1006088256836
2026-02-17,448.20001220703125,679.2402954101562,87.62104797363281
2026-02-18,458.2799987792969,682.662109375,87.91564178466797
2026-02-19,459.55999755859375,680.8616943359375,87.53267669677734
2026-02-20,468.6199951171875,685.7855834960938,88.38699340820312
2026-02-23,481.2799987792969,678.7827758789062,87.87635803222656
2026-02-24,474.6099853515625,683.7164916992188,88.1120376586914
2026-02-25,473.4200134277344,689.4859008789062,88.85832977294922
2026-02-26,477.4800109863281,685.6561889648438,88.7994155883789
2026-02-27,483.75,682.3637084960938,88.54409790039062
2026-03-02,490.0,682.7516479492188,86.67835235595703
2026-03-03,468.1400146484375,676.7337036132812,84.06632232666016
2026-03-04,471.79998779296875,681.50830078125,85.02864837646484
2026-03-05,466.1300048828125,677.7084350585938,83.32003021240234
2026-03-06,473.510009765625,668.8256225585938,82.73084259033203
2026-03-09,472.5299987792969,674.6845092773438,83.11380767822266
2026-03-10,477.8599853515625,673.6002807617188,83.14327239990234
2026-03-11,476.239990234375,672.7548217773438,83.00579833984375
2026-03-12,466.8800048828125,662.5390625,81.79798126220703
2026-03-13,460.8399963378906,658.7890014648438,80.67853546142578
2026-03-16,460.42999267578125,665.493408203125,82.0238265991211
2026-03-17,459.2699890136719,667.2440185546875,82.38716125488281
2026-03-18,444.739990234375,657.9335327148438,80.7767333984375
2026-03-19,426.4100036621094,656.3121337890625,80.55087280273438
2026-03-20,413.3800048828125,646.9034423828125,78.11604309082031
2026-03-23,404.0400085449219,653.6959228515625,79.9510498046875
2026-03-24,404.1300048828125,651.5015869140625,79.49723052978516
2026-03-25,416.2900085449219,655.1322021484375,80.661376953125
2026-03-26,400.6400146484375,643.432373046875,79.08287811279297
2026-03-27,414.70001220703125,632.4606323242188,78.38240814208984
2026-03-30,414.5799865722656,630.3460693359375,78.7967758178711
2026-03-31,430.2900085449219,648.6688842773438,81.32237243652344
2026-04-01,437.82000732421875,653.5562744140625,82.49638366699219
2026-04-02,429.4100036621094,654.144775390625,82.10175323486328
2026-04-06,427.6499938964844,657.23681640625,82.65422821044922
2026-04-07,431.80999755859375,657.5260009765625,82.40758514404297
2026-04-08,434.5299987792969,674.27294921875,85.57445526123047
2026-04-09,437.9100036621094,678.162841796875,85.59419250488281
2026-04-10,437.1300048828125,677.7140502929688,85.89015197753906
2026-04-13,435.3599853515625,684.3369750976562,86.46236419677734
2026-04-14,445.0899963378906,692.675537109375,87.18255615234375
2026-04-15,440.4599914550781,698.1414184570312,86.84712219238281
2026-04-16,440.0799865722656,699.8569946289062,86.53141784667969
2026-04-17,445.92999267578125,708.3152465820312,87.8731460571289
2026-04-20,442.0899963378906,706.8988037109375,87.64623260498047
2026-04-21,429.57000732421875,702.2708129882812,85.73230743408203
2026-04-22,435.260009765625,709.3825073242188,85.96907806396484
2026-04-23,431.0400085449219,706.6295776367188,85.3080825805664
2026-04-24,433.25,712.10546875,85.88029479980469
2026-04-27,429.8900146484375,713.332275390625,85.38700866699219
2026-04-28,421.9100036621094,709.8612060546875,85.00225067138672
2026-04-29,417.4100036621094,709.7515258789062,83.99595642089844
2026-04-30,423.6600036621094,716.8132934570312,85.96907806396484
2026-05-01,423.17999267578125,718.7982177734375,85.97895050048828
2026-05-04,414.7099914550781,716.1649780273438,84.3609848022461
2026-05-05,418.2699890136719,721.9102172851562,85.70271301269531
2026-05-06,430.9599914550781,731.9443359375,88.03099822998047
2026-05-07,431.67999267578125,729.7001342773438,86.1072006225586
2026-05-08,433.7699890136719,735.724609375,86.9359130859375
2026-05-11,434.6499938964844,737.4002685546875,86.63994598388672
2026-05-12,432.92999267578125,736.2831420898438,85.93948364257812
2026-05-13,430.5,740.4025268554688,86.42289733886719
2026-05-14,427.2099914550781,746.2474975585938,86.29464721679688
2026-05-15,417.2900085449219,737.2706298828125,84.63722229003906
2026-05-18,418.42999267578125,736.751953125,85.93948364257812
2026-05-19,411.5,731.8446044921875,85.24889373779297
2026-05-20,417.3999938964844,739.3452758789062,87.0542984008789
2026-05-21,416.989990234375,740.8114624023438,87.56731414794922
2026-05-22,413.82000732421875,743.7239990234375,87.27134704589844
2026-05-26,414.0,748.6613159179688,88.27764129638672
2026-05-27,408.489990234375,748.5316162109375,88.11978912353516
2026-05-28,412.7699890136719,752.6609497070312,87.83368682861328
2026-05-29,417.1199951171875,754.5361328125,87.81395721435547
2026-06-01,411.260009765625,756.5908203125,87.33053588867188
2026-06-02,411.95001220703125,757.6182250976562,87.7646255493164
2026-06-03,407.8699951171875,752.3018798828125,86.7188720703125
2026-06-04,411.2699890136719,755.1445922851562,87.69556427001953
2026-06-05,396.239990234375,735.65478515625,85.95921325683594
2026-06-08,397.2699890136719,737.3204345703125,86.3439712524414
2026-06-09,390.7799987792969,735.1560668945312,86.69913482666016
2026-06-10,374.5799865722656,723.56591796875,85.52513122558594
2026-06-11,386.32000732421875,735.8642578125,88.25790405273438
2026-06-12,386.5400085449219,739.843994140625,88.41575622558594
2026-06-15,396.54998779296875,752.890380859375,88.66239929199219
2026-06-16,397.6300048828125,748.4019775390625,88.80052185058594
2026-06-17,388.6000061035156,739.0560302734375,88.03099822998047
2026-06-18,387.1199951171875,746.739990234375,88.2699966430664
2026-06-22,384.5899963378906,744.3900146484375,88.25
2026-06-23,377.32000732421875,733.5800170898438,87.16000366210938
2026-06-24,365.9200134277344,733.239990234375,86.94999694824219
2026-06-25,369.4599914550781,734.2999877929688,87.83000183105469
2026-06-26,373.6300048828125,728.989990234375,87.12999725341797
2026-06-29,368.5799865722656,741.0,88.06999969482422
2026-06-30,368.3800048828125,746.77001953125,88.54000091552734
2026-07-01,370.6000061035156,745.760009765625,87.7699966430664
2026-07-02,378.1300048828125,744.780029296875,89.3499984741211
2026-07-06,382.1300048828125,751.280029296875,89.97000122070312
2026-07-07,377.489990234375,747.7100219726562,89.04000091552734
2026-07-08,374.45001220703125,745.4000244140625,88.18000030517578
2026-07-09,378.17999267578125,751.7100219726562,88.41000366210938
2026-07-10,377.010009765625,754.9500122070312,88.56999969482422
2026-07-13,367.1300048828125,749.1699829101562,87.86000061035156
2026-07-14,372.1499938964844,751.8300170898438,88.30000305175781
2026-07-15,372.3500061035156,754.8099975585938,89.12000274658203
2026-07-16,364.9599914550781,750.719970703125,88.79000091552734
2026-07-17,368.4100036621094,743.2899780273438,88.58999633789062
2026-07-20,367.6000061035156,742.0900268554688,87.69000244140625
2026-07-21,374.80999755859375,748.280029296875,88.76000213623047
2026-07-22,379.1199951171875,747.4099731445312,89.08999633789062
2026-07-23,371.5199890136719,738.1799926757812,87.83000183105469
2026-07-24,371.8999938964844,738.9299926757812,88.41000366210938
2026-07-27,374.6300048828125,739.0900268554688,88.83999633789062
2026-07-28,369.3699951171875,740.8599853515625,89.2300033569336
2026-07-29,371.0799865722656,729.4600219726562,88.86000061035156
2026-07-30,377.1600036621094,741.6900024414062,90.98999786376953
2026-07-31,371.5400085449219,747.030029296875,90.58999633789062
2026-08-03,371.7099914550781,757.6699829101562,90.93000030517578
2026-08-04,374.1600036621094,771.3300170898438,91.83999633789062
2026-08-05,389.6400146484375,769.7899780273438,91.8499984741211
2026-08-06,389.6700134277344,768.5599975585938,91.83000183105469
2026-08-07,398.4700012207031,773.260009765625,92.5999984741211
2026-08-10,402.5400085449219,773.030029296875,92.26000213623047
2026-08-11,400.9599914550781,770.5599975585938,92.30000305175781
2026-08-12,404.9200134277344,772.489990234375,92.25
2026-08-13,398.9599914550781,777.8800048828125,92.37999725341797
2026-08-14,401.4800109863281,776.3400268554688,92.37000274658203
2026-08-17,405.489990234375,772.6699829101562,92.0999984741211
2026-08-18,398.54998779296875,767.4500122070312,91.55000305175781
2026-08-19,413.8399963378906,769.0599975585938,92.2300033569336
2026-08-20,415.260009765625,762.5999755859375,92.01000213623047
2026-08-21,423.3599853515625,765.719970703125,92.72000122070312
2026-08-24,426.69000244140625,763.469970703125,92.61000061035156
2026-08-25,428.07000732421875,765.9099731445312,93.19000244140625
2026-08-26,421.32000732421875,766.0800170898438,92.69999694824219
2026-08-27,422.6000061035156,771.0999755859375,92.27999877929688
2026-08-28,408.8900146484375,769.3499755859375,91.9800033569336
2026-08-31,408.4200134277344,767.0499877929688,91.66000366210938
